,Job_Seeker_ID,Num_52,Den_52
0,9386301003,0,1
0,8653691003,0,1
0,7870290004,0,0
0,6498977509,1,1
0,6638331004,0,1
0,2792458409,0,1
0,8538100019,0,1
0,9277440019,0,1
0,2580218019,1,1
0,687762409,1,1
0,1285516019,0,1
0,3476477809,0,0
0,693930,0,1
0,758170509,1,1
0,6590743003,0,0
0,861639909,1,1
0,4449170004,1,1
0,1402890004,0,0
0,7922400909,1,1
0,9923186409,1,1
0,2464218019,1,1
0,9331683119,0,1
0,6091507509,1,1
0,124851004,0,0
0,3210074019,0,1
0,5023452809,0,1
0,3921020003,1,1
0,846010309,0,1
0,1272832119,0,0
0,5190478609,0,1
0,2981440909,0,1
0,6410979019,1,1
0,6638544009,0,0
0,5861201119,0,1
0,4575284209,1,1
0,8951946909,1,1
0,6742073509,0,1
0,9470522003,0,1
0,2531607019,0,1
0,6571650909,0,1
0,1210848909,0,0
0,1686955509,1,1
0,9114093109,0,0
0,4272675019,0,1
0,2505075709,0,1
0,739250,0,0
0,436699709,0,0
0,1096930,0,0
0,397637009,0,0
0,4822192119,0,0
0,1119440,1,1
0,121090,0,0
0,734170005,0,1
0,2299994003,0,0
0,8773315509,0,1
0,7272646909,0,0
0,4562087019,0,0
0,1070820,0,1
0,6515662709,0,0
0,4352989019,0,1
0,892340007,0,1
0,946100002,0,0
0,5313574009,0,0
0,3554655109,0,0
0,3992961119,0,0
0,3801646509,0,1
0,8228603709,0,0
0,4627938409,0,0
0,1546165409,0,0
0,5504924009,0,0
0,6783241709,0,0
0,1464185109,0,0
0,4777060709,0,0
0,7982571309,0,0
0,3739141609,0,1
0,7069969909,0,0
0,981822909,0,0
0,7855642709,0,1
0,9955621004,0,0
0,8763500001,0,0
0,2551078809,0,0
0,9059492003,0,1
0,310192119,0,0
0,5376251019,0,0
0,428214409,0,0
0,5665601409,0,1
0,3249673003,0,0
0,8235544019,0,0
0,8138165709,0,0
0,1861952109,0,1
0,2382232004,0,0
0,1780734119,0,0
0,7394980004,0,0
0,3929780019,0,1
0,119181019,1,1
0,5866494003,0,0
0,1186325409,0,1
0,406221709,0,1
0,5769902004,0,1
0,3919794709,0,0
0,4039013609,0,1
0,3505505003,0,0
0,1629618909,0,1
0,5954202809,0,1
0,2907704019,0,0
0,3629693309,0,0
0,1575264409,0,0
0,8548872909,0,1
0,5950473119,0,1
0,3097692003,0,1
0,7362250909,0,0
0,1355415709,0,1
0,786802004,0,1
0,7532509,0,1
0,2517777609,1,1
0,9058388309,0,1
0,7519073003,0,1
0,145752209,0,1
0,168030509,0,1
0,7108496709,0,1
0,2822398909,0,1
0,7419127003,1,1
0,6206761009,0,0
0,6793474009,1,1
0,747163003,0,0
0,1456160008,0,1
0,5076452809,0,0
0,9461203003,0,0
0,5461344809,0,0
0,8091437019,0,0
0,9806637003,0,1
0,669580,0,1
0,9143033003,0,0
0,1218692509,0,0
0,7725716003,0,0
0,4507140003,0,1
0,1564000004,1,1
0,7964104309,0,0
0,8511703119,1,1
0,7131964409,0,1
0,612500,0,0
0,5902829809,0,0
0,3993781209,0,0
0,8918054007,1,1
0,7715072809,0,0
0,9397210009,1,1
0,6017331005,0,1
0,7127115007,0,1
0,3194576003,0,0
0,660190,0,0
0,3140649019,0,1
0,8421913309,0,0
0,453761003,0,0
0,245320004,0,0
0,6428853004,0,0
0,1071217709,0,0
0,3263553109,0,1
0,2883689409,0,1
0,4470636509,0,1
0,5035840009,0,1
0,6059643009,0,1
0,3079142609,1,1
0,82501709,0,1
0,5396870609,0,0
0,324231004,0,1
0,3475012509,0,0
0,575444019,0,0
0,5545251003,1,1
0,4510572019,0,1
0,1536810,0,0
0,9359551509,0,0
0,1714504509,0,0
0,819103109,0,1
0,7752584009,0,0
0,6343615019,1,1
0,170820,0,1
0,5674274309,0,1
0,2325496109,0,0
0,7756699109,0,1
0,2356320,0,1
0,9298105909,0,1
0,405090,0,0
0,739073509,0,0
0,7003044209,0,1
0,910365509,0,1
0,9247792609,1,1
0,2173230,0,1
0,9710374809,1,1
0,7032444809,0,1
0,367191609,0,0
0,950033019,0,0
0,3112638109,0,1
0,127880,0,0
0,237509909,0,0
0,845241509,0,1
0,9975270109,0,0
0,273046019,0,1
0,9743848009,0,1
0,7337327003,0,0
0,4345745019,0,0
0,968675004,0,0
0,2220648709,0,0
0,4812498009,1,1
0,8097462019,0,1
0,4042032409,0,0
0,6313636909,0,0
0,2662906909,0,1
0,9548135209,0,0
0,337954019,0,1
0,627631003,0,1
0,1916350,0,0
0,4937869409,0,0
0,5732990119,1,1
0,270010004,1,1
0,747750,0,1
0,7428106909,0,0
0,8600978709,0,1
0,8732584119,0,0
0,1284681019,0,0
0,964887909,1,1
0,7395582003,0,0
0,1289641019,0,1
0,9646145109,1,1
0,6522401008,1,1
0,106002007,0,0
0,1159611019,1,1
0,4120774809,0,0
0,4092714003,0,1
0,595178909,1,1
0,539642409,0,1
0,4841209309,0,0
0,2087580,0,1
0,8031545003,0,0
0,9804065609,0,0
0,844938003,0,0
0,5342867003,0,0
0,2992457009,0,1
0,2127597209,0,0
0,393639809,0,0
0,3887060003,0,1
0,724370,1,1
0,795844509,0,0
0,3174727019,0,0
0,7751045609,0,0
0,5797293609,0,0
0,2884022003,0,1
0,6472570609,0,0
0,650830005,1,1
0,1736092909,0,0
0,4802357019,0,0
0,1669950,0,0
0,256012005,1,1
0,4478330001,1,1
0,3734572809,0,0
0,8578744509,1,1
0,1262831809,0,0
0,1954899909,0,0
0,1528323509,0,1
0,4424497909,0,0
0,6544791909,0,0
0,2496860,0,0
0,3916377609,0,1
0,1324923003,0,0
0,774010,0,0
0,7987710001,0,0
0,6737828003,0,1
0,3996600001,0,1
0,6298907309,0,0
0,1139583709,1,1
0,9858137909,1,1
0,3201211309,0,0
0,5256988409,1,1
0,330583209,0,0
0,449220,0,1
0,273408109,0,1
0,8959611809,0,1
0,8244031004,0,1
0,5928973007,0,1
0,4039704909,1,1
0,51388509,1,1
0,3425440809,0,0
0,3522124009,0,0
0,4463041004,0,0
0,1949890,0,1
0,7132998609,0,1
0,4118372809,0,1
0,6247737109,0,1
0,1314140,0,0
0,971320009,0,0
0,2429103409,1,1
0,491880008,0,1
0,9774602109,1,1
0,2847919809,0,0
0,8286734003,0,0
0,2556730,0,0
0,6433427609,0,0
0,9539968809,1,1
0,3873350409,0,1
0,342411119,0,1
0,2583711409,1,1
0,601250,1,1
0,2270394909,0,0
0,7649778509,0,1
0,4914832309,0,0
0,5962000909,0,0
0,7363316019,0,0
0,2910622019,1,1
0,768690,0,0
0,7792368009,0,0
0,1652180,0,1
0,8575177309,0,0
0,338030007,0,0
0,433995909,0,0
0,5973304009,0,0
0,2707870,0,0
0,6062211119,0,0
0,11516119,0,0
0,3229030019,0,0
0,876363019,0,1
0,4722349009,0,1
0,861328609,1,1
0,6773302509,0,1
0,2906981209,0,0
0,437517809,0,1
0,168470,1,1
0,1576403509,0,0
0,7622505003,0,1
0,9338446007,0,1
0,2971500,0,1
0,8821268909,0,0
0,4041779909,1,1
0,2100143003,0,1
0,2452411007,0,1
0,7611927409,1,1
0,2189991003,0,1
0,6306580003,0,0
0,4200602809,0,1
0,2083770609,0,1
0,1441912909,0,1
0,3898265109,0,0
0,2568410,0,1
0,88921109,0,0
0,3956028709,0,0
0,1076900,0,0
0,3527760,0,0
0,4286104709,0,0
0,144647019,0,1
0,303150,1,1
0,353115809,0,0
0,6825909309,0,1
0,3747337009,0,1
0,8399561109,0,1
0,1431260,0,0
0,536024109,0,1
0,5789202909,0,1
0,5909908509,0,0
0,1532130,0,0
0,223178019,0,0
0,3463491909,0,0
0,7712939809,0,0
0,3043713709,0,0
0,9851357809,0,0
0,9652044709,0,1
0,1498320,1,1
0,5294389709,0,1
0,349677003,0,0
0,469014709,0,1
0,1343399509,1,1
0,9334178609,0,0
0,9862773109,0,1
0,1675840909,1,1
0,754420019,0,0
0,7539991003,0,0
0,344671019,0,0
0,6396966409,0,0
0,52697509,0,0
0,5303571609,0,0
0,9146072909,0,1
0,827100,1,1
0,951208019,0,0
0,875355004,0,0
0,5249250509,0,0
0,5290177609,0,1
0,941896409,0,0
0,2756385209,0,1
0,803657019,0,0
0,9970959409,0,0
0,1077841409,0,0
0,3973285009,0,0
0,1834534409,0,1
0,2044486809,0,1
0,1018590,1,1
0,746690007,0,0
0,9711662409,0,0
0,993650,0,1
0,7257571109,0,1
0,1836634109,0,1
0,785990,0,1
0,4871130119,1,1
0,8174141009,0,1
0,4705419609,0,0
0,1969380004,0,0
0,9298854609,0,1
0,8767862019,1,1
0,7619697909,1,1
0,9305818709,1,1
0,2387660,1,1
0,1992466003,0,0
0,5244584709,0,0
0,6023022609,1,1
0,3605989509,0,1
0,3512355119,1,1
0,2689362709,0,0
0,2381360,1,1
0,3754015109,0,0
0,6909968309,0,1
0,1108433019,0,0
0,5731309509,0,1
0,5218242004,0,0
0,4936068909,0,1
0,442793109,0,1
0,8875137009,1,1
0,408591809,0,0
0,1771355909,0,0
0,5598607409,0,0
0,8748050709,0,1
0,1181202007,0,1
0,618558209,0,0
0,4019304019,0,1
0,5261520001,0,0
0,2035704019,0,0
0,2947878909,0,1
0,3016093019,0,1
0,3729586109,0,0
0,9204734019,0,1
0,6321745209,1,1
0,8909311004,0,1
0,8363253003,0,0
0,608930006,0,0
0,9931144119,0,0
0,1294682809,1,1
0,2839763019,0,0
0,9880670004,0,0
0,5708884003,0,1
0,7552405004,0,1
0,188993709,0,1
0,7735781809,1,1
0,1446951019,0,1
0,270992019,0,0
0,1788056609,0,1
0,6249294709,0,1
0,5923749019,0,0
0,3842317019,0,1
0,5364190003,0,0
0,3070620,0,0
0,4446261809,0,1
0,368814003,0,1
0,332894007,0,1
0,6114637409,1,1
0,7178454509,0,1
0,6163013019,0,0
0,2714330,0,1
0,8961024119,0,0
0,813387003,1,1
0,7217375003,0,0
0,387207909,0,1
0,149284709,0,0
0,5877875609,0,0
0,5047581809,0,0
0,8253094003,0,1
0,2874991709,0,1
0,678712003,0,0
0,2919573609,0,0
0,741954409,0,0
0,3948810,0,0
0,9904456309,1,1
0,6174075809,0,0
0,7147013019,0,0
0,1833325019,0,1
0,4319461004,0,0
0,2794884609,1,1
0,3137600,0,0
0,4357104109,0,0
0,9848289709,0,0
0,327533004,0,0
0,3660591809,0,0
0,502989609,0,0
0,2238901019,1,1
0,571055019,0,1
0,4399261004,0,0
0,5223910909,1,1
0,669755019,0,0
0,4151740004,0,0
0,5425039609,0,0
0,1950177209,0,1
0,1866105003,1,1
0,597760,0,1
0,8239389409,1,1
0,17130008,0,1
0,376001609,0,0
0,4108380,0,0
0,3884430,0,0
0,611112003,0,0
0,720990,0,1
0,8804080309,0,0
0,607428003,0,1
0,901786509,0,0
0,1504135509,0,0
0,382770,0,0
0,3111647209,0,1
0,9683012009,0,0
0,1403098109,0,0
0,1904939409,0,0
0,2392881709,0,0
0,2626182309,0,1
0,8870591209,0,0
0,4260190,0,0
0,5634780008,0,1
0,7779948909,0,1
0,182003119,0,1
0,2501102003,0,0
0,174214509,0,0
0,8969107009,0,0
0,9962285509,0,0
0,625992003,0,0
0,7860059609,0,0
0,81464909,0,1
0,1451406019,0,1
0,3390730119,0,0
0,367232609,0,0
0,9916005019,0,1
0,1002926009,0,0
0,1725018509,0,0
0,851337019,0,0
0,2161404019,0,0
0,7918970809,0,1
0,4825510005,0,0
0,6664240709,0,0
0,1470660609,0,1
0,6393477019,0,0
0,6858543909,0,0
0,2379772109,0,1
0,3085621003,0,1
0,9703810909,0,1
0,4627510003,0,0
0,1898155109,1,1
0,8969878109,0,0
0,491761119,0,0
0,1207286909,1,1
0,3667644109,0,1
0,1766432019,0,1
0,6711764119,0,0
0,5708057109,0,0
0,5319303909,0,0
0,7403257019,0,0
0,2940067509,0,0
0,757760019,0,0
0,7144980709,0,0
0,988856109,0,1
0,8989064909,0,0
0,9724312309,0,0
0,6911781509,0,0
0,3186417909,0,0
0,8617914003,0,1
0,218487409,0,0
0,9535637309,0,0
0,3452110004,0,0
0,3153500,0,1
0,8413580003,0,0
0,5009784003,1,1
0,96069709,0,1
0,615551509,0,0
0,5577861409,0,0
0,1652754119,0,0
0,3618650,0,0
0,236674909,0,0
0,1956075009,0,1
0,1701831809,0,0
0,5390583509,0,0
0,590632109,0,0
0,7554839009,0,0
0,1322703119,0,0
0,3618890,0,0
0,61780,0,0
0,5152793003,0,0
0,2994078909,0,1
0,3613820,0,1
0,4927557609,0,1
0,6000820909,0,0
0,845971809,0,0
0,6274857709,0,1
0,3556630809,0,1
0,170802809,0,1
0,762328019,0,0
0,396018209,0,0
0,9455821019,0,1
0,8887508209,0,0
0,2342289709,0,1
0,6318074609,0,0
0,2564677109,0,0
0,1380559109,0,1
0,870021008,0,0
0,344028609,0,0
0,3915403003,0,1
0,4600481609,0,1
0,9199557509,0,0
0,7403431809,0,0
0,7619946003,0,1
0,254857309,0,1
0,159910409,0,0
0,651832019,0,0
0,403641009,0,0
0,79472509,0,1
0,1153295007,0,1
0,6875573709,1,1
0,2083150,0,0
0,696892007,0,0
0,3841020,0,0
0,772517909,0,0
0,9925143509,1,1
0,305172019,0,1
0,6276870007,0,0
0,8091570119,0,0
0,5451943409,0,1
0,5039124609,1,1
0,4073590,0,0
0,8942128509,0,0
0,9728680007,0,1
0,5740113709,0,0
0,6010764007,0,0
0,6311472909,0,1
0,2758041809,0,1
0,5110447019,0,0
0,7088411809,0,1
0,2011074003,0,1
0,965598709,0,0
0,5373101709,0,0
0,3606070,0,1
0,8363140409,0,1
0,2850652209,1,1
0,5423882609,0,1
0,3175166709,0,0
0,5151597809,0,0
0,313620709,0,0
0,1986284007,0,0
0,9245087209,0,0
0,2940200709,0,1
0,5558485019,0,0
0,2952040,0,0
0,6322960007,0,0
0,1114600809,0,1
0,3503465509,0,0
0,4597760309,0,0
0,500931409,0,1
0,3186915809,0,1
0,1108590005,0,0
0,3588772609,0,0
0,4112330,0,1
0,9951406609,0,0
0,652051509,0,0
0,3394023109,0,0
0,5769835409,0,0
0,9033242004,0,0
0,7006568909,1,1
0,2161626007,0,0
0,864624409,0,0
0,1762608809,0,1
0,7821150008,0,0
0,8831963019,0,1
0,1309241609,0,0
0,3004650,0,0
0,4347461109,0,1
0,3960442003,0,0
0,6167997909,1,1
0,2289512609,0,0
0,4516580,0,0
0,5026831003,0,1
0,9000692509,0,0
0,37997003,0,1
0,3547523109,0,0
0,539650809,1,1
0,7156147509,0,0
0,7868729409,0,0
0,1279233909,0,1
0,8183792019,0,1
0,9414016007,0,0
0,3664440,0,0
0,8621779809,0,1
0,8918718809,0,0
0,9021244709,0,1
0,515141809,0,0
0,9625918909,0,0
0,7446159709,0,0
0,9385715709,0,1
0,1112967009,0,0
0,695723709,0,0
0,5025332007,0,1
0,4472183119,0,0
0,8400252003,0,1
0,5929792809,0,0
0,1016736909,0,0
0,938874809,1,1
0,659293809,0,1
0,2211241109,0,1
0,978281809,0,0
0,9073918709,0,0
0,9442318209,0,0
0,8658741509,0,1
0,8331934809,0,0
0,8218591003,0,0
0,922629509,0,0
0,1215172709,0,0
0,1509420,0,1
0,9571913809,0,1
0,6539531005,0,0
0,3773384909,0,0
0,2160608609,0,1
0,7882407009,1,1
0,1496550,0,0
0,2579976809,1,1
0,5520902109,0,1
0,700220,0,1
0,938250,1,1
0,3092110,0,1
0,7482856509,0,0
0,4791703119,0,1
0,1275455004,0,1
0,1237048409,0,1
0,3518664809,0,0
0,725150,0,1
0,7736521003,0,0
0,1865190,0,0
0,4128040,1,1
0,2838316007,0,1
0,707324809,0,0
0,7095938809,0,0
0,8214954009,0,1
0,8897590004,0,0
0,1809098409,0,0
0,2356846409,0,1
0,5791165003,0,1
0,9009509,0,0
0,5351086003,0,0
0,8538913209,0,0
0,2673066019,1,1
0,125958509,0,0
0,9390682019,0,0
0,7197958109,0,0
0,4115450,1,1
0,4333083019,0,0
0,1279561209,0,1
0,1841477909,0,1
0,3245767609,0,0
0,4862873019,0,0
0,651806309,0,0
0,619883909,0,1
0,9385012809,0,0
0,7446240004,0,1
0,4375600,0,1
0,6321830609,1,1
0,5524358009,0,1
0,426909609,0,1
0,8427270003,0,1
0,3126820007,0,1
0,2734417909,0,0
0,9673198909,0,1
0,6173228009,0,1
0,4316960,0,1
0,1802931909,0,0
0,5325860009,0,1
0,5050094003,0,0
0,2141373119,0,0
0,8826118809,0,1
0,831936309,0,0
0,315064609,0,0
0,7657922609,0,1
0,8446667809,0,1
0,733310809,0,1
0,3839530409,0,0
0,5890661004,0,1
0,5526411008,0,0
0,621778709,0,0
0,645210007,0,0
0,361981209,1,1
0,8777394609,0,0
0,4784002809,0,0
0,8493654609,0,1
0,4847826709,0,0
0,923303003,0,0
0,3940645809,0,0
0,596221609,0,0
0,2033659409,0,0
0,1835076609,0,0
0,8669025609,0,0
0,4201327609,0,0
0,135970,0,1
0,6027122008,0,1
0,3956771709,0,0
0,7838251003,0,0
0,3460441008,0,0
0,3638640004,1,1
0,7621818003,0,1
0,4642693709,0,0
0,7752725003,0,0
0,5114405109,0,0
0,8756227109,0,1
0,4349607609,0,0
0,1629984004,0,1
0,4988111209,0,0
0,1748832003,0,0
0,1019420,0,0
0,8981511004,0,0
0,1032642909,0,1
0,2879996909,0,0
0,3989220005,0,0
0,762423007,0,1
0,6303371309,0,0
0,2981169309,0,1
0,396060019,0,0
0,8524430008,0,0
0,433401709,0,0
0,7842370004,0,0
0,7692234109,0,0
0,3597361003,0,0
0,8300953007,0,0
0,1371257019,0,0
0,7009031019,0,0
0,9499328709,0,0
0,6010314209,1,1
0,6997961609,0,1
0,2271211509,0,1
0,563800,0,0
0,3735001005,1,1
0,758735009,0,0
0,8195891005,0,1
0,7656521509,0,0
0,9379701809,0,0
0,7935743003,0,0
0,9278535007,0,1
0,7614251909,0,0
0,160528309,0,0
0,7573630019,0,0
0,9137089909,0,0
0,9620951008,0,1
0,3089732109,0,0
0,1650096209,0,0
0,579790003,0,1
0,1708180008,0,1
0,6777749809,0,0
0,8782238003,0,0
0,377456709,0,1
0,6023922003,0,0
0,7008061004,0,1
0,6094030209,0,0
0,3907070,0,0
0,6164843509,1,1
0,4799490909,0,0
0,2809016109,0,0
0,253015003,0,0
0,3530290,0,0
0,7943844409,0,1
0,964353609,0,1
0,5478067003,0,0
0,6974256909,0,1
0,26881809,0,1
0,121621119,0,0
0,4686320,0,1
0,4861443409,0,0
0,7438466409,0,1
0,672520007,0,1
0,3043422909,0,0
0,7416096609,0,0
0,6616595609,0,0
0,4401190003,0,1
0,7608130004,0,1
0,3577440,0,0
0,3679937309,0,0
0,9513225709,0,0
0,5668805509,1,1
0,267131019,0,0
0,4560568709,0,0
0,298838909,0,0
0,950144019,0,0
0,9823920709,0,1
0,973558509,0,0
0,369768709,0,0
0,3956987003,0,0
0,6723600209,0,0
0,8270746309,0,0
0,1162391809,0,1
0,3031332809,0,0
0,8764586003,0,0
0,4480607003,0,1
0,566125209,1,1
0,1789319309,0,0
0,8757872003,0,0
0,9744449209,0,0
0,3357110609,0,0
0,8156846009,0,0
0,542756109,0,0
0,3870808709,0,1
0,1529456609,0,1
0,7599640004,0,0
0,7633237109,0,0
0,1312469209,0,0
0,4714725509,0,0
0,5397294909,0,0
0,1456648709,0,0
0,7702531005,0,1
0,2257900,1,1
0,4034640,0,0
0,8495179909,0,1
0,8679245003,0,0
0,1385633019,0,1
0,5580798019,0,0
0,9616140005,0,1
0,7421895209,0,0
0,7317073409,0,1
0,9974713809,0,0
0,1592881119,0,0
0,2903020,0,0
0,1933140004,0,1
0,879227309,0,1
0,2571960003,0,0
0,5843063009,0,0
0,7502610006,0,1
0,758421409,0,0
0,6352951119,1,1
0,207974909,0,0
0,1479456509,0,0
0,9706047909,0,0
0,2677090,0,0
0,8737502509,0,0
0,972770007,0,1
0,3428242509,0,0
0,3697795909,0,0
0,2811734003,0,0
0,6101092709,0,0
0,9335801009,0,0
0,331376809,0,0
0,7807372709,0,1
0,2542551009,0,1
0,4049970,0,0
0,6811012809,0,1
0,5864701008,0,0
0,5415390,0,0
0,786993609,0,0
0,3694620,0,0
0,8643181019,0,1
0,815575003,0,0
0,4132690,0,0
0,1393863003,0,0
0,4764276019,0,0
0,145458909,0,0
0,7641451309,0,0
0,3377750003,0,0
0,8308143109,1,1
0,5872475019,0,1
0,9604135709,0,0
0,5593690909,0,1
0,2174359409,0,1
0,9885151309,0,0
0,8271833809,0,0
0,2125224007,0,0
0,116497209,0,1
0,1421903409,0,1
0,437508509,0,1
0,2218565809,0,1
0,5232840609,0,0
0,5857415609,0,0
0,494502019,0,1
0,959268509,0,0
0,1203536609,0,0
0,8487438909,0,0
0,7324637009,0,0
0,3825946509,0,1
0,3485940,0,1
0,298864019,0,0
0,231867309,0,0
0,1028421004,0,0
0,2978296709,0,0
0,2703826109,0,0
0,8223484007,0,1
0,930250909,0,0
0,2340257019,0,0
0,9720906003,1,1
0,5620436003,1,1
0,584310,0,0
0,5997646003,0,0
0,8211110003,0,0
0,3170760019,0,1
0,5586763909,1,1
0,5127830,0,0
0,2953959609,0,1
0,1593231709,0,0
0,468935019,0,0
0,3995750006,0,1
0,474498509,0,0
0,425378909,0,1
0,5175440,0,0
0,6038315309,0,1
0,39164019,0,0
0,3093935004,1,1
0,961060809,0,1
0,7574050709,1,1
0,8301451809,0,0
0,1747697609,1,1
0,1515400,1,1
0,2490946609,0,0
0,3779410,0,0
0,4779460,0,0
0,9669451003,0,0
0,2410775909,0,1
0,9648401003,0,0
0,6636281109,1,1
0,6693275019,0,1
0,1874514007,0,0
0,8901781119,0,1
0,2874231809,0,0
0,9163612007,0,0
0,5219747509,0,0
0,3613799019,0,1
0,7475876409,0,0
0,5393609309,0,0
0,2623691003,0,0
0,4463493019,0,0
0,2531375119,0,0
0,7929145004,0,0
0,2856031019,0,0
0,3344360,0,1
0,1066131003,1,1
0,2236660,0,0
0,5780651909,0,1
0,4422211004,0,1
0,450740,0,1
0,1575621609,0,0
0,6231506609,0,1
0,7619040909,1,1
0,4954710,0,1
0,1260200,0,1
0,7430527003,0,0
0,2307890,0,1
0,5730894409,0,0
0,444670003,0,1
0,2464820,0,1
0,1440334909,0,0
0,963166809,0,0
0,5184180019,0,0
0,845516709,0,0
0,4857477409,0,1
0,5870175809,0,0
0,484960,0,1
0,7004432209,0,0
0,868730,0,1
0,73119709,0,0
0,800465019,0,0
0,5394029809,0,0
0,3178657809,0,1
0,2956756009,0,0
0,4445705909,0,1
0,9388288909,0,0
0,4154781109,0,1
0,9896692809,1,1
0,737386809,0,0
0,2472266709,0,0
0,2018105909,0,0
0,6157262809,0,1
0,4757050,0,1
0,2365305109,1,1
0,269270003,0,1
0,287871003,0,0
0,1702531003,0,1
0,9478849009,1,1
0,612325003,0,0
0,6510461609,1,1
0,4848132019,0,1
0,899277609,0,0
0,9754210007,0,0
0,4758370,0,0
0,6736190609,0,1
0,3000474509,0,0
0,69745209,1,1
0,5413980,0,0
0,495530004,0,1
0,2815397003,0,0
0,5557003,1,1
0,1898825509,1,1
0,3504267003,0,1
0,2807760004,0,0
0,7663627109,0,1
0,198222709,1,1
0,7224660509,1,1
0,1112547109,1,1
0,3346445003,0,0
0,9484630003,0,0
0,256557009,0,0
0,6563211004,0,0
0,4682825609,1,1
0,4543290509,0,1
0,9942440003,0,1
0,928547209,0,0
0,7317535019,0,0
0,2170360,0,1
0,7635646209,0,1
0,3110170,0,0
0,118303007,0,0
0,316660109,0,0
0,2559861019,0,1
0,5391970,1,1
0,2165281709,0,0
0,898830009,0,0
0,8948854509,0,0
0,3805226309,0,1
0,7328981809,0,0
0,2905320,0,0
0,1088913809,0,0
0,2477460,0,1
0,4670309,1,1
0,7312001509,1,1
0,3486918809,0,1
0,2478710019,0,0
0,2297916609,0,0
0,6507298409,0,0
0,7002680119,0,0
0,9781804119,0,1
0,272650019,1,1
0,5442420,0,0
0,3000352809,1,1
0,7243117019,0,0
0,5050631007,0,0
0,9866514019,0,0
0,4429011809,0,0
0,7573239909,0,1
0,1805913003,0,1
0,1288309709,0,0
0,9264871709,0,0
0,3198404019,1,1
0,9633419019,1,1
0,916020003,0,0
0,2341023709,0,1
0,6994090509,0,1
0,978256409,0,1
0,6170228509,1,1
0,2461352004,0,1
0,3664263109,0,0
0,1411566609,0,1
0,948626409,1,1
0,9561905909,0,0
0,5501573019,0,1
0,1556319409,1,1
0,290413004,1,1
0,3706038003,0,0
0,5140950003,0,0
0,4849040,0,0
0,6674010003,1,1
0,7649181003,0,0
0,2891350809,0,1
0,6509720003,1,1
0,8992872409,1,1
0,2020761004,0,1
0,2971440809,0,0
0,7178635019,0,0
0,9081498409,0,0
0,882918909,1,1
0,2268656309,1,1
0,1594167409,0,0
0,9087072909,1,1
0,1289940909,0,0
0,3403375309,0,1
0,328848509,0,0
0,1695766909,0,0
0,932000003,1,1
0,7282861909,0,1
0,2569495909,0,0
0,855201019,1,1
0,6119106909,1,1
0,3308336019,0,0
0,6547224003,0,0
0,9460856003,0,0
0,664160,0,1
0,5041927509,0,1
0,6966306909,0,0
0,318632019,0,1
0,2592900,0,0
0,5247673409,0,1
0,4404591007,1,1
0,4433903004,1,1
0,6976134509,1,1
0,7414359809,0,0
0,2020899409,0,1
0,941655309,1,1
0,2369820003,0,1
0,5641795019,1,1
0,6624354004,0,0
0,9682068019,0,0
0,9774397909,0,0
0,7844880,0,0
0,353631004,1,1
0,13786430,0,1
0,4005756409,0,0
0,9381922009,0,1
0,521340003,0,0
0,194890309,0,0
0,6947054509,1,1
0,4504308809,0,1
0,6324746019,1,1
0,7314607809,1,1
0,6876311003,0,0
0,8261157409,0,0
0,1773550709,0,1
0,469695709,0,1
0,1565670709,0,1
0,951690,1,1
0,2704918003,0,0
0,9782314409,0,1
0,321525003,0,1
0,315222009,0,0
0,8642192004,0,1
0,5498170,0,0
0,4630097003,0,0
0,2312752003,0,0
0,3204931003,0,0
0,2281622004,0,1
0,7367450509,0,0
0,12818070,1,1
0,329001004,0,0
0,5243057909,0,0
0,5919950,0,0
0,8222020,0,1
0,238984509,0,0
0,8621142019,1,1
0,5699242309,0,1
0,6309225019,0,1
0,1222400007,0,1
0,911493909,0,1
0,9697847209,0,1
0,5343371019,0,0
0,2361201004,0,1
0,1404211009,0,1
0,1771573109,0,1
0,629982409,1,1
0,4741509909,0,1
0,7347289909,1,1
0,1922689809,0,1
0,5465684509,1,1
0,7161879309,1,1
0,5420858609,0,0
0,4668496609,0,1
0,5260525019,1,1
0,6514369609,0,1
0,7662834009,0,0
0,1303206003,0,0
0,8632000007,0,1
0,5961273909,0,0
0,9775387309,0,0
0,2609207509,0,1
0,4553933109,0,0
0,13572200,0,0
0,2505936509,0,0
0,1224003609,0,1
0,5621220003,0,1
0,2549872309,0,1
0,7248094209,0,1
0,6815861609,0,1
0,2343750,0,0
0,9158232109,0,0
0,9739509509,0,0
0,7993080009,0,0
0,5757330909,0,0
0,6141811709,1,1
0,8653922309,0,0
0,4099099709,0,0
0,2903220,0,0
0,202067809,0,0
0,4871686509,0,0
0,3176605909,0,0
0,7397259109,0,0
0,795616509,1,1
0,6169129109,0,0
0,3284971509,0,1
0,377927209,0,0
0,754763609,0,1
0,8234262509,0,1
0,1882447019,0,0
0,8710664709,0,0
0,5242400,1,1
0,1130094409,0,1
0,8267551019,0,0
0,3653002309,0,1
0,4102309709,0,0
0,1377338709,0,0
0,114313003,1,1
0,5006620809,0,0
0,9115475004,0,0
0,7761148409,0,0
0,773700909,0,0
0,3022615003,0,1
0,956400,0,0
0,471640003,0,1
0,6512806309,0,0
0,6621610009,0,1
0,1625582109,0,1
0,2461012004,0,0
0,8084184909,0,0
0,54946909,0,1
0,4869522309,1,1
0,4008232909,0,0
0,9038643009,0,0
0,4184720,0,1
0,6289630007,1,1
0,959432003,0,1
0,869326109,0,1
0,2479607509,0,1
0,2624963909,0,0
0,9810398609,0,1
0,6362104019,0,1
0,4486311003,0,0
0,8777582709,1,1
0,5812084509,0,0
0,3502580,0,1
0,1129460,0,0
0,6031192809,0,0
0,6157850007,1,1
0,4867610709,0,0
0,1667252609,1,1
0,4645250509,0,0
0,7439187409,0,1
0,1703511609,0,1
0,4452300008,0,0
0,7475791004,0,1
0,7446281005,1,1
0,2191545004,1,1
0,306053509,0,1
0,3074823019,0,0
0,1590197003,0,0
0,1707313509,0,0
0,3433365003,0,0
0,967582009,0,1
0,9897819009,0,1
0,4711135509,0,0
0,5179975509,0,1
0,455367509,0,1
0,1779582909,0,0
0,1896590003,0,0
0,3970086209,0,1
0,2889128909,0,0
0,3378072003,0,1
0,4111178509,0,1
0,4668686609,0,0
0,9426985709,0,1
0,7383930309,0,1
0,4091940,0,0
0,5858035809,0,1
0,6089730005,0,0
0,4124502809,1,1
0,6019716019,0,1
0,6186022004,0,0
0,5634190209,0,1
0,4152024019,0,1
0,733860709,0,0
0,2605240,0,0
0,2389563004,0,0
0,3692323509,1,1
0,8546780,1,1
0,5312450,1,1
0,4435298909,0,0
0,9920000006,1,1
0,218152003,1,1
0,8302746609,0,1
0,1669780,0,0
0,3703084109,0,0
0,3611762509,1,1
0,884483004,0,1
0,4019064509,0,0
0,3003575909,0,1
0,7655043003,0,0
0,1092078109,0,0
0,3618406109,0,0
0,6963493909,0,1
0,8195101509,0,0
0,5566530,0,0
0,1569022509,0,0
0,492956809,0,1
0,9626933209,1,1
0,6199081809,0,1
0,661171209,0,0
0,8415378409,0,0
0,136713909,0,1
0,7195001709,1,1
0,5194831709,0,0
0,2844973003,0,0
0,2262391809,0,1
0,5463920,0,0
0,1237593609,0,1
0,3048320002,0,0
0,774749509,0,0
0,694277109,0,0
0,2902449409,1,1
0,732051003,0,0
0,5144997709,1,1
0,2180551909,0,0
0,4737970007,0,0
0,7704237609,0,0
0,9763828809,0,0
0,5582491119,0,0
0,5632893809,1,1
0,154146509,0,0
0,2378336409,0,0
0,7883968909,0,1
0,2476240019,1,1
0,3639470,0,1
0,6267061004,0,1
0,1686443009,0,1
0,7019347909,0,0
0,12790330,0,0
0,8455948809,0,0
0,3267363003,1,1
0,2637903109,0,1
0,9601582003,0,1
0,2157890,0,0
0,5640241809,0,1
0,734501003,1,1
0,9627117003,0,0
0,6046005019,0,0
0,983074003,0,0
0,784307909,0,1
0,8979930,0,1
0,4240411709,0,0
0,8741090,0,0
0,5145930007,0,0
0,3250262709,0,0
0,3698974003,0,1
0,3627169709,0,0
0,3113876009,1,1
0,7850809809,0,1
0,4088820109,1,1
0,4937482019,0,1
0,7880213909,0,0
0,4077030,1,1
0,7852110,0,0
0,1076055003,0,1
0,10913470,0,1
0,8757196609,0,0
0,1692112709,0,0
0,5110310,0,1
0,14260530,0,0
0,7230492019,0,0
0,8216422509,0,1
0,618969309,0,0
0,3111090,0,0
0,2044920,0,0
0,663845809,1,1
0,8242386003,1,1
0,3127522309,0,1
0,1278200,0,1
0,14416410,0,1
0,7749774004,1,1
0,1663136003,1,1
0,6099288109,0,1
0,2317417009,1,1
0,8412421409,0,1
0,7414060007,0,0
0,5573300,0,0
0,7019739509,0,1
0,5998113709,1,1
0,6477629309,0,1
0,4381845019,0,0
0,2778282009,0,1
0,3685120003,0,0
0,1486982019,1,1
0,11609620,0,1
0,9376576003,0,0
0,88838709,0,1
0,9996900006,0,1
0,7869820003,0,1
0,7857472509,0,1
0,468625409,1,1
0,913740119,1,1
0,9717067609,1,1
0,2672270,0,0
0,1390858909,0,1
0,17118003,1,1
0,4854935003,0,0
0,13045680,0,0
0,1334882509,0,1
0,1677180,0,1
0,10128270,0,1
0,1891519019,0,0
0,8315765019,0,0
0,1609920003,0,0
0,12331580,0,1
0,3369610003,0,0
0,2919880,0,0
0,7243376003,0,0
0,1030118019,0,0
0,5121510,0,0
0,63542009,1,1
0,9886833509,0,0
0,9009695509,0,0
0,2106130909,0,1
0,883699209,0,0
0,708369109,0,0
0,6418434709,0,0
0,3282720,0,1
0,4220860,0,0
0,2945435809,1,1
0,9386839509,0,0
0,8361049809,0,1
0,8197210509,0,0
0,762210509,0,0
0,1169030,1,1
0,5591020,0,0
0,49641003,0,0
0,5229739809,0,0
0,8598667109,0,0
0,463100006,0,1
0,910891709,0,0
0,9093255909,0,1
0,8121370,1,1
0,1441270,0,0
0,8601003,1,1
0,8569278809,0,0
0,1260992609,0,1
0,4394800,0,1
0,2869372309,0,1
0,4843590,0,0
0,4305122909,0,0
0,5971329409,0,1
0,381344709,0,0
0,9714650007,0,0
0,920888019,1,1
0,7625297809,0,0
0,5252790,0,0
0,11412130,0,1
0,618210,0,0
0,398681109,0,1
0,869781709,0,1
0,805368709,0,0
0,8149399709,0,0
0,8525530004,0,0
0,660384909,0,0
0,11946730,1,1
0,8000679809,0,0
0,2512824009,0,1
0,12104950,0,0
0,1839290,0,0
0,7393718003,0,1
0,9401224019,1,1
0,6773835003,1,1
0,1143596809,0,1
0,842598409,0,0
0,523990,0,0
0,4800420909,0,0
0,5305420002,0,0
0,3940598409,0,0
0,3277954003,0,0
0,8699392709,0,0
0,1572493119,0,0
0,4478302003,0,1
0,5433950,0,1
0,9440804109,0,0
0,12690600,0,1
0,14310910,0,1
0,2306721909,0,0
0,2439167709,0,0
0,8749333003,0,0
0,2238834409,0,0
0,5848470,0,1
0,7947783019,0,0
0,1171971409,0,1
0,6297926109,1,1
0,8891242119,0,0
0,3493556909,0,0
0,7053427009,0,0
0,7002051409,0,1
0,7627786809,0,0
0,6950453309,0,0
0,6051730003,0,0
0,1892372003,1,1
0,1651540003,0,0
0,1795472019,0,0
0,360818809,0,0
0,3977946003,1,1
0,2919039609,0,1
0,7613249609,1,1
0,5509973109,0,1
0,637920003,0,0
0,9509177909,0,1
0,378103209,0,1
0,8861324003,0,0
0,8244370809,0,0
0,6354316909,0,0
0,3802468309,0,1
0,7070896809,0,0
0,6916688209,0,0
0,9893412709,0,0
0,954680,0,1
0,2066111909,0,0
0,7063083004,1,1
0,7783308809,0,0
0,6090831909,0,0
0,2218234009,0,0
0,2001423109,0,0
0,9611720,1,1
0,9448925003,1,1
0,5634413003,0,0
0,9951144509,0,0
0,7227106609,0,0
0,8331296509,0,1
0,5247892109,0,0
0,9769332009,0,0
0,1117558209,0,1
0,2565768409,0,1
0,938697003,1,1
0,8446236709,0,0
0,66108409,0,1
0,6729734709,1,1
0,401449609,0,0
0,7398711005,0,1
0,5843530,1,1
0,9270825019,0,0
0,1210990019,0,0
0,2251802019,0,1
0,5640373004,0,0
0,1495310,0,1
0,5378792809,1,1
0,529630,0,0
0,2263985019,0,1
0,921139209,0,0
0,7962547709,0,0
0,3873551609,0,1
0,609202309,1,1
0,2737232003,0,1
0,953072019,1,1
0,7662142119,0,0
0,1362660309,0,0
0,7585126909,1,1
0,6739012003,0,0
0,1294661909,0,0
0,4125376109,1,1
0,11679500,0,0
0,1512129309,0,1
0,2769147109,0,0
0,7891730009,0,0
0,7847782209,1,1
0,9326562909,0,0
0,4350701709,0,1
0,3667026409,0,0
0,4652943019,0,0
0,302981003,0,0
0,5948811909,0,0
0,473095509,0,0
0,2600421119,0,0
0,9616121609,0,0
0,4390781003,0,0
0,598733003,0,0
0,8338543003,0,1
0,4971846003,0,1
0,2946530,0,1
0,9168484509,0,0
0,7416003709,0,0
0,4689190,0,1
0,1753762003,0,0
0,2749586909,0,0
0,6843981119,0,0
0,1224663109,0,0
0,3525649109,0,0
0,9345919909,0,0
0,5656768409,0,0
0,3717567709,0,1
0,14544000,0,1
0,2106499409,0,0
0,7345243003,0,0
0,6086190019,0,0
0,4101812909,0,1
0,997323004,0,1
0,9840570509,0,1
0,4646470003,0,0
0,6985635709,0,1
0,9884541003,0,0
0,2618503709,0,1
0,9394653004,0,1
0,9776674509,0,1
0,96115609,0,0
0,3774946019,0,0
0,854054809,1,1
0,2471000008,0,0
0,5741760,0,0
0,6680122004,0,1
0,2430400609,0,0
0,4986560,0,1
0,9711132409,0,0
0,9371715003,1,1
0,5545234809,1,1
0,8483820209,1,1
0,7113880909,0,0
0,3138168809,0,0
0,2520797909,0,1
0,8967424003,0,0
0,844258809,1,1
0,2600920709,0,1
0,4364590909,0,1
0,3501709709,0,0
0,2550187019,0,0
0,8870331109,1,1
0,4100253909,0,1
0,3805952209,0,0
0,2423425809,0,0
0,8542132007,1,1
0,1276504709,0,1
0,3283670,0,1
0,8715740008,0,1
0,9643617109,0,1
0,2921761119,0,1
0,6270806909,0,1
0,6278885709,0,0
0,6734659209,0,1
0,8900551019,1,1
0,2129292019,0,0
0,9670210209,0,1
0,4210985109,0,0
0,1050752809,1,1
0,981940,1,1
0,2830000119,0,0
0,324324004,0,0
0,9766827003,0,0
0,1788778509,0,0
0,9414897509,0,1
0,9641014019,0,1
0,10122760,0,0
0,3186339909,0,0
0,69424209,0,0
0,13884910,0,1
0,106323909,0,1
0,2145621609,0,0
0,780017019,0,0
0,5843305709,0,1
0,4026810,1,1
0,9126710006,1,1
0,9561416209,0,1
0,3465353003,0,1
0,716506909,0,0
0,5962814309,0,0
0,6116820,0,0
0,7371534209,0,0
0,9716802709,0,1
0,14237300,0,0
0,3593417609,0,1
0,728592009,1,1
0,3452331003,0,0
0,4939297003,0,1
0,4864181909,0,0
0,11698830,0,0
0,5276400,1,1
0,6742941709,1,1
0,4221220,0,1
0,8231491409,0,1
0,800313003,0,0
0,8309997709,0,1
0,6932333709,0,0
0,1879784009,0,1
0,8646439909,1,1
0,1855492003,0,0
0,9909874019,0,0
0,897704609,0,0
0,2548302019,0,1
0,10015430,0,0
0,7280242119,0,0
0,3071600001,0,0
0,4237305609,1,1
0,909345609,1,1
0,3670455409,1,1
0,4359981003,0,0
0,3531951709,0,0
0,1189315019,0,0
0,423974409,0,0
0,14374109,1,1
0,1574661007,0,0
0,7281047009,0,0
0,8984740019,0,1
0,5551225909,0,1
0,8217668009,0,0
0,14074320,0,1
0,3831875209,1,1
0,539471409,0,0
0,4433333019,1,1
0,6675951709,1,1
0,8685261003,1,1
0,2463227309,0,0
0,452670,1,1
0,7326828003,0,0
0,3011248709,0,0
0,1211510,0,1
0,9397837003,0,1
0,1593206809,0,0
0,5001222119,0,0
0,5589099809,1,1
0,144683809,0,1
0,41490007,0,0
0,1570534409,0,0
0,451780,1,1
0,2318516109,0,0
0,1710859809,0,1
0,6062802019,0,0
0,8188471109,0,0
0,2876377109,0,1
0,9359495003,1,1
0,5116563309,0,1
0,4271260,1,1
0,13504540,0,0
0,9923586909,0,0
0,3195206909,0,0
0,3063049209,0,0
0,9419200002,0,0
0,34622007,0,1
0,5442327709,1,1
0,2804014309,1,1
0,5567050,0,0
0,3756892003,0,1
0,9088249809,0,0
0,8676089309,0,0
0,8173018509,0,0
0,288651309,0,0
0,5554280,0,0
0,7600010,0,0
0,4912775003,0,1
0,5563280,1,1
0,9009119709,0,0
0,1259102008,0,0
0,3485620,1,1
0,1015200006,0,1
0,5567700,0,0
0,4086552809,0,0
0,1715830,0,0
0,14123090,0,0
0,5458824309,0,0
0,2157279909,0,0
0,626763109,0,0
0,1082103009,0,1
0,6871386309,0,1
0,9489035909,0,1
0,4232761709,0,1
0,8453660,0,1
0,9786011709,1,1
0,7006980109,0,0
0,583620006,1,1
0,8793452609,0,0
0,1737861007,1,1
0,6620892007,1,1
0,1761327509,0,0
0,6403420109,0,0
0,6646923007,0,0
0,5212803909,1,1
0,4135040004,0,1
0,2253458509,0,1
0,462190,0,1
0,9013172909,0,0
0,3544114003,1,1
0,1291020809,1,1
0,2660912409,0,1
0,7847616609,0,1
0,2510647809,0,0
0,9583657909,0,0
0,4391972509,0,1
0,9594721005,0,0
0,4966811004,0,0
0,3496720,0,1
0,7104352003,0,0
0,2253434209,0,0
0,4347316409,0,0
0,2016832909,1,1
0,5581567009,0,0
0,641252003,0,1
0,4007127003,0,1
0,692318709,0,1
0,2869931109,0,0
0,1735214509,0,0
0,5949449409,1,1
0,2360260,0,1
0,1986860004,0,0
0,891700,0,1
0,6831794004,0,1
0,6876438909,0,0
0,3952526003,0,0
0,8844680003,0,0
0,9022190309,1,1
0,5629064007,0,0
0,8301414019,1,1
0,7049981509,0,1
0,3442310003,1,1
0,8763981003,0,0
0,466651909,0,1
0,16000500,0,0
0,8873252004,0,1
0,2416123019,0,1
0,7084322003,0,1
0,3151028409,0,1
0,5762458509,0,1
0,425621709,0,0
0,4785933003,0,0
0,4758320,0,0
0,930577609,1,1
0,8222930002,1,1
0,5906032109,1,1
0,809901509,1,1
0,9115890003,0,1
0,5516544509,1,1
0,489997003,0,0
0,4742107709,1,1
0,215128003,0,1
0,1129062909,0,1
0,7072823709,0,0
0,9347410007,1,1
0,5822711709,1,1
0,9631230,0,0
0,3256888109,0,0
0,595379509,0,0
0,5724440,0,0
0,7051450709,0,0
0,15361490,1,1
0,5029533019,0,0
0,53717809,0,0
0,7722870119,1,1
0,16468820,0,0
0,9751061109,0,1
0,629780209,0,0
0,7698970909,0,0
0,102306509,0,0
0,1141377709,1,1
0,6310602007,1,1
0,7436362003,0,1
0,4029610,1,1
0,1650722003,1,1
0,505710008,0,0
0,3510892007,0,0
0,16375370,0,1
0,7057458409,0,0
0,5537650,1,1
0,9220445809,1,1
0,2371059909,1,1
0,4445971003,0,1
0,269212409,0,0
0,1123590003,1,1
0,8755221004,1,1
0,5838440,1,1
0,7311100004,1,1
0,8962217909,1,1
0,269714709,0,1
0,3700111509,1,1
0,9656752809,1,1
0,8955210001,1,1
0,3090607309,0,1
0,568498709,0,0
0,4847724409,1,1
0,7662712309,1,1
0,9983739909,0,0
0,440570809,0,1
0,3871420,1,1
0,8103374509,0,1
0,5974520609,0,0
0,7122311309,0,1
0,3918420509,0,0
0,2525061007,0,1
0,399112003,0,0
0,893541019,0,0
0,3750068409,0,1
0,5135725009,1,1
0,6452649709,0,0
0,7122699909,0,1
0,8532530,1,1
0,3987010,1,1
0,9793840,1,1
0,5516591809,0,0
0,4440485709,0,0
0,13802530,0,0
0,5144622209,0,0
0,8269395609,0,0
0,2424000,0,1
0,3803895809,0,0
0,7952930109,0,1
0,141434909,1,1
0,996520909,0,1
0,878604019,1,1
0,725533609,0,1
0,9739443309,0,0
0,2719928609,0,1
0,3141418009,0,0
0,6357875109,0,0
0,6311446509,1,1
0,7320820,0,0
0,1152991909,0,1
0,8011829109,0,0
0,1007010,1,1
0,4816141003,1,1
0,2360321003,1,1
0,7143397019,0,0
0,5725990,0,1
0,2893358809,0,0
0,2320271809,0,1
0,477041019,0,0
0,9532075609,1,1
0,8932100007,0,0
0,1215126003,0,1
0,2973314409,0,1
0,9873448409,0,0
0,6132270,0,0
0,4000370,0,0
0,9008767409,0,0
0,7217342007,0,1
0,3909870709,0,1
0,5706887909,0,1
0,916668009,0,0
0,4117730,0,1
0,137244309,0,1
0,3513795909,1,1
0,7384107609,0,0
0,2439584019,0,0
0,1619211109,1,1
0,889377003,1,1
0,1649315609,1,1
0,795086909,0,1
0,2401731019,0,0
0,5866970,1,1
0,5621556909,1,1
0,4998391003,1,1
0,3163579809,0,1
0,2975979609,0,0
0,6765222003,0,0
0,9524021409,1,1
0,1687770109,0,0
0,9365540709,0,0
0,4810235004,1,1
0,2738184019,0,0
0,7074238003,0,1
0,1454507609,0,0
0,456539109,0,0
0,4147662019,1,1
0,2122822009,1,1
0,736487409,0,1
0,4541243909,1,1
0,1907182509,0,1
0,6138883003,0,0
0,11482280,0,1
0,4553830,0,1
0,4262570,0,1
0,6419938509,0,0
0,7874884209,0,0
0,580683109,0,1
0,15041020,0,0
0,7884695809,0,0
0,4066336019,0,0
0,4807420,0,1
0,4089155019,1,1
0,516691003,0,0
0,3468048003,1,1
0,6162651004,0,0
0,5922656009,0,1
0,7193306709,0,0
0,12758880,0,0
0,3244603909,0,0
0,7566946209,1,1
0,4007321003,0,0
0,4537887809,1,1
0,5949946003,0,1
0,14679480,1,1
0,8887111007,0,1
0,6422471019,0,0
0,6360352007,0,0
0,7439575019,0,1
0,944680007,0,0
0,772490,0,0
0,5952031409,0,1
0,4584001019,1,1
0,3645662109,0,1
0,6018161004,0,0
0,9905112709,1,1
0,429048309,1,1
0,5057450909,1,1
0,759699009,0,0
0,5653699109,0,0
0,430844003,0,0
0,4963935007,0,1
0,6137390004,0,0
0,9429795019,0,1
0,8900787909,1,1
0,6053519109,0,0
0,1559575019,0,0
0,2658390509,0,0
0,8684843309,1,1
0,338660004,1,1
0,5153670,1,1
0,11294840,0,1
0,275343007,0,0
0,3354932309,0,1
0,9513972509,0,0
0,4268130004,1,1
0,4103314309,1,1
0,6523214019,1,1
0,2822633119,0,0
0,4394110,0,0
0,1936149909,1,1
0,4017853003,0,0
0,4726406003,0,0
0,6333833409,0,0
0,7817905019,0,1
0,3693130119,1,1
0,7882548809,0,1
0,253318003,0,1
0,7574979509,0,0
0,3571477409,0,0
0,8991264004,0,0
0,6448524609,0,0
0,9815128709,0,1
0,82960,1,1
0,5197590,1,1
0,4312320004,1,1
0,9554531209,0,0
0,3821607019,0,1
0,1049700,0,0
0,8282346309,0,0
0,2279562109,1,1
0,9540155019,0,1
0,4172894409,0,0
0,4470762019,0,0
0,26646003,1,1
0,4399066809,0,0
0,9311013003,0,0
0,1051393909,0,1
0,5440410809,0,0
0,4289680,0,1
0,9504664709,0,0
0,4627812003,0,0
0,6420107409,0,1
0,5078623109,0,0
0,9551037609,0,0
0,7012361309,0,1
0,9369030003,0,1
0,1625949909,0,0
0,4082726409,0,0
0,350078609,0,0
0,8738984003,0,0
0,646593019,1,1
0,123020002,0,1
0,1331474709,0,0
0,57572003,0,0
0,654221003,0,0
0,1942361809,0,0
0,1861250008,1,1
0,8024550,1,1
0,8997367009,0,1
0,5817830909,0,0
0,3678730004,0,0
0,3007491909,0,1
0,138476909,0,0
0,1503517019,1,1
0,1949465019,0,0
0,2454346809,0,1
0,6498750109,0,0
0,1906198809,0,0
0,555698809,0,0
0,5012823019,0,0
0,1785477409,0,0
0,4920760,0,1
0,490564119,1,1
0,6702936003,0,0
0,5043588019,0,0
0,5293550,0,1
0,15621670,0,0
0,4206384509,1,1
0,7128720,0,1
0,9999230109,0,1
0,5690633909,0,0
0,8439168909,0,0
0,9835270004,0,0
0,4285824509,0,1
0,782962809,0,0
0,901856709,0,0
0,5259760109,0,1
0,16092730,0,1
0,8756206019,1,1
0,8237750019,0,0
0,7167020809,1,1
0,1366823019,0,1
0,3587000003,0,0
0,4917090,0,1
0,4219621509,0,0
0,9302021809,0,0
0,3587072909,0,0
0,4673281009,0,1
0,441750209,0,0
0,8859008509,0,0
0,5218570609,0,0
0,9538977003,0,0
0,2394630209,0,0
0,14857410,0,0
0,4050345119,0,0
0,4794051009,1,1
0,7051240019,0,1
0,4434826003,0,1
0,8363871609,0,0
0,2997015709,0,0
0,603730,0,0
0,4799500,0,0
0,4080873709,1,1
0,5832879109,0,1
0,247298409,1,1
0,1294535109,1,1
0,7548892909,0,0
0,6693109609,1,1
0,3388093909,0,0
0,8214080109,0,0
0,621101019,0,0
0,1900798909,0,0
0,179991003,0,0
0,8249812009,0,1
0,2787723003,0,1
0,7854797809,0,0
0,759600003,1,1
0,2933420119,0,1
0,4641900,0,0
0,222178509,1,1
0,2310263909,1,1
0,8978042019,0,0
0,454436509,0,1
0,623885809,0,0
0,11056140,0,1
0,5708934609,1,1
0,2614470,1,1
0,4477210001,1,1
0,9830810109,1,1
0,929366209,0,1
0,697484019,0,0
0,8447756109,0,0
0,1582443809,0,1
0,6010687809,0,0
0,4695544109,0,0
0,4776633003,0,1
0,3177608409,1,1
0,5329955709,1,1
0,640687609,0,1
0,5629924709,0,0
0,257901007,1,1
0,1351228309,0,1
0,701990609,0,0
0,2781836019,0,0
0,12679070,1,1
0,9241234019,0,0
0,15092770,0,1
0,5416684209,1,1
0,3512327009,0,1
0,3127581004,0,0
0,8836179709,0,0
0,9299839609,0,1
0,1771226809,0,0
0,1776036709,1,1
0,5870730,0,0
0,1263672609,1,1
0,8952690003,1,1
0,59757209,0,0
0,4460913709,0,0
0,6705905809,0,0
0,12519530,0,0
0,66738809,0,0
0,8098052004,1,1
0,199625004,0,0
0,9195769109,1,1
0,8528048309,0,0
0,968229509,0,0
0,1427683004,0,1
0,2317201003,1,1
0,1617027509,1,1
0,8327978509,1,1
0,13360830,1,1
0,3061300006,1,1
0,4666329109,0,1
0,5672260409,0,0
0,2044415019,0,0
0,8131081709,0,0
0,5007183003,0,1
0,5061512019,0,0
0,1793891007,1,1
0,6925820003,0,1
0,4922086609,0,0
0,8152434019,0,1
0,4060918809,0,0
0,6705829709,0,0
0,1974396909,0,0
0,2678743909,0,1
0,8757570003,0,0
0,1147550909,1,1
0,5933333409,0,0
0,6414623509,0,1
0,9225874909,0,0
0,8366220003,0,1
0,7089674409,0,0
0,3496170,0,0
0,6492265019,1,1
0,5165650909,0,1
0,3181378409,0,0
0,5638257609,0,1
0,8696546009,1,1
0,3617390,0,0
0,14919550,0,0
0,2112222809,0,1
0,4744835003,0,1
0,3304900809,0,0
0,7841352509,0,0
0,1068290,0,0
0,8767083019,0,1
0,470024909,0,0
0,2809030003,0,1
0,15810400,0,1
0,3948623909,0,1
0,8286500,0,0
0,799176809,0,0
0,9321217509,1,1
0,2212465007,1,1
0,7561169019,0,1
0,7684049709,0,0
0,4659251809,0,1
0,4923810,0,0
0,695410,1,1
0,7819095003,1,1
0,200403019,1,1
0,8228272003,0,1
0,7473599809,0,0
0,6089087909,0,0
0,4272620,0,0
0,3368101609,0,0
0,5799214609,0,1
0,9058832809,0,1
0,8108166003,1,1
0,3132166809,0,0
0,5055075809,0,0
0,4112009,0,0
0,4374090,1,1
0,3565860,0,1
0,623772909,0,0
0,8582773209,0,0
0,1773225709,0,0
0,4673520,0,0
0,4099580709,1,1
0,309105019,0,1
0,6782264309,0,0
0,2497485509,0,1
0,9148134609,0,1
0,4778070609,0,1
0,1739200709,0,0
0,3477445909,0,0
0,4408666509,1,1
0,4247514709,0,0
0,1512911909,0,0
0,8657950309,1,1
0,6546644609,0,1
0,1642205019,0,0
0,15722980,0,0
0,9223511709,0,1
0,5439846709,0,0
0,1090222109,0,0
0,4126710709,0,1
0,13414780,0,1
0,2206851003,1,1
0,6949152309,0,1
0,6406010509,0,0
0,613089609,1,1
0,972672003,0,0
0,170958509,0,1
0,1714808409,0,0
0,3877023019,0,0
0,14304660,1,1
0,3108088609,0,0
0,7503773004,0,1
0,3176684004,0,0
0,7988363909,1,1
0,905352209,0,0
0,6470537509,0,1
0,111087609,0,0
0,230903119,0,1
0,4954922309,1,1
0,3102949309,0,0
0,12906330,1,1
0,5101861509,0,1
0,6454775809,0,0
0,857902009,0,0
0,7768280,1,1
0,1447120003,0,0
0,5292550,0,0
0,9162164909,0,1
0,5047910008,0,0
0,6526207409,0,0
0,1624662909,0,1
0,7746995007,0,1
0,1591054409,0,1
0,4954449109,0,1
0,2770446019,0,0
0,3067516019,1,1
0,1584577509,0,0
0,8642297909,0,0
0,160650,1,1
0,6424401509,0,0
0,586533709,1,1
0,3870700,0,0
0,350053409,1,1
0,15305350,0,0
0,5970613909,0,0
0,6818436809,0,0
0,2067607909,0,0
0,5884164409,1,1
0,17694490,0,0
0,8541029209,0,1
0,5481870,0,0
0,715452109,1,1
0,5358066709,0,1
0,3756555019,0,0
0,5079827909,0,0
0,6292591609,0,0
0,1518261009,0,1
0,3595903004,0,1
0,6760526909,0,0
0,14902650,0,0
0,6941973709,0,1
0,507926019,0,0
0,4735706003,1,1
0,7501554109,0,0
0,13927300,1,1
0,7222784809,1,1
0,7683553007,0,1
0,5557060909,0,0
0,1041033119,0,1
0,2321089609,0,1
0,5619670007,0,0
0,154043809,1,1
0,7265417909,0,0
0,8527993809,0,0
0,6963346209,0,0
0,319131709,0,0
0,9071133609,0,0
0,26108609,0,0
0,1496093004,0,1
0,2939227909,0,0
0,1246898909,0,0
0,8064961809,0,0
0,3559330,0,0
0,7928257009,0,1
0,8481012109,0,1
0,2232562509,0,1
0,8091174709,0,0
0,5723547509,0,1
0,7964291909,0,0
0,156950,0,1
0,3351500004,0,1
0,11435650,0,1
0,8743462003,0,0
0,5385520,1,1
0,6767064309,1,1
0,2335250909,0,0
0,5833771309,0,0
0,6382428809,0,0
0,3612020,0,0
0,5684360004,0,0
0,5311033509,0,0
0,7123435109,0,0
0,5499331409,0,1
0,6070446019,0,1
0,12565720,1,1
0,16784620,1,1
0,7546923019,1,1
0,1073750,1,1
0,8092633119,0,0
0,353845509,0,0
0,9869818709,0,0
0,2738473109,0,0
0,9372600709,0,0
0,223312007,0,0
0,4541188709,1,1
0,1764250008,1,1
0,5497909709,0,1
0,4357234709,0,1
0,6899888709,0,0
0,4110000004,0,0
0,38698409,0,0
0,7060231003,0,0
0,8410810309,0,1
0,2385114003,0,0
0,4033606007,0,1
0,5070904809,0,1
0,13912007,0,0
0,2535623609,0,0
0,707374409,0,0
0,7287128509,0,1
0,9838304003,1,1
0,1790630209,0,0
0,8376405509,0,0
0,6041350,1,1
0,5621221119,1,1
0,6529655109,0,1
0,1812310003,0,0
0,5775101004,0,0
0,4604825019,0,0
0,2965195209,0,0
0,4808073003,0,1
0,7397354019,0,1
0,6039630,0,1
0,3488574004,0,0
0,8290435004,1,1
0,12163210,0,1
0,690813909,1,1
0,1776297209,0,0
0,6000757003,0,0
0,1972652909,1,1
0,6702143119,0,1
0,277660,0,0
0,3706161004,1,1
0,8303613909,0,1
0,9444735109,0,0
0,8690153909,0,0
0,1217074609,1,1
0,847322809,0,0
0,5955211019,0,0
0,5843570,0,0
0,8824824003,0,1
0,1365160009,0,0
0,10962180,0,0
0,3983763609,0,0
0,2268942003,0,0
0,7411885409,1,1
0,7873296509,1,1
0,6467621609,0,0
0,15385260,1,1
0,2656163609,0,0
0,9804934209,1,1
0,699019309,0,0
0,3785872509,0,1
0,898850,0,0
0,937247609,1,1
0,3433980209,0,0
0,5076780,0,0
0,1090001509,0,0
0,8936850209,0,1
0,7273855009,0,0
0,7934823609,0,0
0,9014604709,0,1
0,7461837109,0,1
0,14113950,1,1
0,17564560,1,1
0,8170483004,1,1
0,1957959909,0,0
0,3665611019,0,1
0,4482586019,0,1
0,1676750,0,0
0,3570971119,0,1
0,4140929309,0,0
0,1349664019,0,0
0,7163005003,0,0
0,6849639309,0,0
0,9087343209,0,1
0,5590760,0,0
0,2506914007,1,1
0,630280,1,1
0,618921809,1,1
0,819720003,0,0
0,4392512003,0,0
0,3707391007,0,0
0,9661143509,1,1
0,4781860,1,1
0,7346135003,1,1
0,5870250,1,1
0,9238355709,0,0
0,6101862409,0,0
0,9631045809,0,0
0,8011262709,0,1
0,13266660,0,0
0,7558642609,1,1
0,5237220909,0,0
0,7598678909,0,0
0,7040470003,0,0
0,12732840,0,1
0,1361020,1,1
0,1828335809,1,1
0,7571148409,1,1
0,3621505909,1,1
0,7754547003,0,0
0,512843709,1,1
0,3521776609,0,1
0,3874228709,0,0
0,8971507109,1,1
0,234937009,0,0
0,1282100,0,0
0,2841560,0,1
0,5423075309,0,0
0,5897347709,0,0
0,848707209,0,1
0,800180119,0,1
0,898561005,0,1
0,275639409,0,0
0,8318858809,1,1
0,992079609,0,0
0,2495110,0,0
0,1442638109,0,1
0,1785131008,0,1
0,121459909,1,1
0,3569164609,1,1
0,8729270003,0,1
0,12711970,0,0
0,4553140005,0,1
0,10192580,1,1
0,7093637909,0,1
0,3700080,0,0
0,5076180,0,1
0,7436687709,1,1
0,129076509,0,0
0,3659742909,0,0
0,5419900004,0,0
0,672800,0,1
0,4772331109,0,0
0,3036840,0,1
0,5348870,0,0
0,8637816609,0,0
0,5391284009,0,0
0,1058120,0,0
0,6838668809,0,0
0,5056558709,1,1
0,10170520,0,1
0,971541019,0,0
0,4111430,0,0
0,8054308309,0,0
0,9733857019,0,0
0,2537714009,0,1
0,352859409,0,0
0,3179480019,0,0
0,1728890,0,1
0,12700900,0,0
0,4229574004,0,1
0,2173225003,0,0
0,2548065003,1,1
0,16815150,0,0
0,927156003,0,1
0,3152504109,1,1
0,170875019,0,0
0,2464840,1,1
0,2096730,1,1
0,3006220,0,0
0,2157876709,0,0
0,13137610,0,1
0,2120237509,1,1
0,2889416007,0,0
0,3769731309,1,1
0,9261057509,0,0
0,5502830209,0,1
0,7356171009,0,1
0,886745709,1,1
0,85140,0,1
0,872622019,0,0
0,3757441509,1,1
0,5028600909,0,0
0,6911844309,1,1
0,3526973003,0,1
0,3073900005,0,0
0,9188507609,0,1
0,17804870,0,0
0,7910500,1,1
0,8758122909,0,0
0,7250249019,0,0
0,13579730,1,1
0,4169490,1,1
0,2133900119,0,1
0,315090,0,0
0,5779130,0,0
0,7450162019,0,1
0,7209149009,0,1
0,4284386809,0,0
0,16183890,0,0
0,99608609,0,1
0,2543575509,0,1
0,3809671909,1,1
0,4268950,0,0
0,6244486709,0,1
0,9517700002,1,1
0,1865517809,1,1
0,978374309,0,1
0,8616336909,1,1
0,9340970209,1,1
0,7424328209,1,1
0,560890509,1,1
0,2623960,1,1
0,5212934909,0,0
0,2572131409,0,0
0,7812186709,0,0
0,6495936609,0,1
0,9802987003,0,0
0,2755087909,0,1
0,1984194007,1,1
0,16225680,0,1
0,5605790007,0,0
0,6937699809,0,0
0,6385662019,0,0
0,3566611909,0,1
0,4459828003,0,0
0,4139362409,0,0
0,5494581909,1,1
0,13606230,1,1
0,262256409,1,1
0,1281500,1,1
0,10835209,1,1
0,1678035009,0,0
0,4792747019,0,0
0,5720100,0,0
0,7656008409,0,1
0,4143462809,0,0
0,8557041019,0,1
0,4573481019,0,0
0,2840917609,0,0
0,7043229109,0,1
0,3549240,0,1
0,8135068109,1,1
0,1889791509,0,0
0,486956409,1,1
0,988483509,0,1
0,8962830119,0,0
0,16110990,1,1
0,16691930,0,1
0,3264980,0,0
0,3332697309,0,0
0,5750891019,1,1
0,3854373019,0,0
0,1882414709,0,0
0,7647123009,0,0
0,473355109,0,0
0,7706435809,1,1
0,8456525709,1,1
0,7214520001,1,1
0,4642663509,1,1
0,4316840209,1,1
0,9502473909,1,1
0,7659560,0,0
0,877400,0,1
0,2828224709,0,1
0,9314228109,1,1
0,1495517909,1,1
0,1306442004,0,0
0,8523003019,1,1
0,4708240,0,0
0,2019307709,0,0
0,1623906209,0,0
0,8210561004,0,0
0,4810288019,0,1
0,1270709609,0,0
0,9364210004,0,0
0,4383671019,0,1
0,4363107003,0,0
0,8451000004,0,1
0,1234250,0,0
0,6721715209,0,0
0,5838376009,0,1
0,8512424119,1,1
0,4659279909,0,1
0,5142432003,0,1
0,4341829019,0,0
0,4338907409,0,0
0,116536809,1,1
0,1149741709,0,1
0,7674267909,0,1
0,8785154709,1,1
0,199684609,0,0
0,7220000004,1,1
0,8586155019,1,1
0,5871710509,1,1
0,1236900,0,0
0,2610060,1,1
0,1298073009,0,1
0,1708521004,0,0
0,2343562007,0,1
0,9579122609,0,0
0,7840180909,0,1
0,5276220,1,1
0,2219574019,0,1
0,163356003,0,0
0,6426051009,0,0
0,9149903009,0,0
0,4438657509,0,0
0,8390637409,0,0
0,1188700002,0,1
0,15538700,0,0
0,2304273019,1,1
0,17898610,1,1
0,7239487409,1,1
0,1531900,1,1
0,1233381509,0,0
0,15417570,0,1
0,6390575109,0,0
0,9885625809,0,0
0,5578190,1,1
0,5288822609,1,1
0,2334086003,0,0
0,7570184119,0,0
0,5610208809,0,0
0,4624730509,0,1
0,8017025509,0,1
0,934852109,0,1
0,1838055004,1,1
0,151810,0,1
0,211725409,0,1
0,513681109,0,0
0,1504768019,0,0
0,151550,1,1
0,8214795709,1,1
0,7437225109,0,1
0,10656390,0,0
0,9477492909,0,1
0,1659488509,0,0
0,6463122509,0,1
0,1400173004,1,1
0,1044778609,1,1
0,2311367019,0,1
0,9698685709,0,0
0,36554409,0,0
0,4153902007,0,0
0,2774556009,1,1
0,908735109,0,0
0,13298970,1,1
0,5407250909,1,1
0,885755809,1,1
0,4582394003,0,0
0,6663913019,0,0
0,1358028909,1,1
0,2367543209,0,0
0,4157247709,1,1
0,4960193119,0,0
0,5341702709,0,0
0,3331580,1,1
0,449238009,1,1
0,8803283019,0,0
0,829572007,0,1
0,3121840,0,0
0,7631164209,0,0
0,3352820,0,1
0,906368909,0,0
0,7175225509,1,1
0,1095697909,0,0
0,8903131003,0,1
0,2331867019,0,1
0,1486221909,0,1
0,8735337003,1,1
0,1869580,1,1
0,8192830019,0,0
0,5383383019,0,1
0,5050049509,0,1
0,3908588809,0,0
0,8391300001,0,1
0,453578509,0,0
0,6287647909,0,0
0,3670940004,0,1
0,6671411209,0,1
0,9226200006,0,0
0,6599865019,0,0
0,5448441003,0,0
0,5581597019,0,0
0,893764019,0,1
0,516071209,0,0
0,3186240001,1,1
0,6265830109,0,0
0,15572600,1,1
0,3774435019,0,0
0,17142840,0,1
0,6338949109,1,1
0,707807509,0,0
0,1511144119,0,0
0,5386036409,0,1
0,6712734119,0,0
0,377421709,1,1
0,294117709,0,1
0,1066133809,0,0
0,4303342008,0,0
0,513410119,0,1
0,4284930609,0,0
0,799117003,0,0
0,9758430019,1,1
0,873884909,0,0
0,5387392004,0,0
0,13869820,0,1
0,8887833019,0,0
0,370141007,0,0
0,1988791003,0,0
0,535220003,0,0
0,4416279909,0,0
0,9773082609,1,1
0,5824972609,0,1
0,7429121004,0,1
0,83762909,0,1
0,5394531709,0,1
0,6165574019,0,1
0,3426019409,0,0
0,7323507309,0,0
0,787905109,1,1
0,7085140909,0,0
0,3259410509,0,1
0,881914409,0,0
0,9946673909,0,0
0,6372983609,0,1
0,7065472003,0,0
0,2257607003,0,0
0,5333330,1,1
0,5046895019,1,1
0,7330100004,1,1
0,2384210004,0,0
0,9981431809,1,1
0,987994003,0,1
0,9690534809,0,0
0,657005609,0,1
0,9761591209,0,0
0,390814019,0,0
0,511991609,0,0
0,14403830,0,0
0,330144119,1,1
0,7698611909,1,1
0,12023670,0,1
0,1565023019,1,1
0,8081302119,1,1
0,6538144009,0,0
0,5625475209,1,1
0,7335931008,0,0
0,17743040,1,1
0,2120743209,0,1
0,1686302309,0,1
0,8957526009,0,1
0,830692609,1,1
0,597496909,0,0
0,4734390,1,1
0,4019361019,1,1
0,9652606909,0,0
0,261822003,0,0
0,9094275509,1,1
0,4877652609,0,1
0,8258686109,1,1
0,3665415007,1,1
0,6989280,0,0
0,9550003,0,1
0,3641680,1,1
0,6671867009,0,0
0,5333486509,0,1
0,9296327609,0,1
0,3105323509,0,0
0,2624168019,0,0
0,1314030,0,1
0,726807509,0,0
0,5832391109,0,1
0,5983746409,0,1
0,4130002119,0,0
0,525962709,1,1
0,9797957003,0,1
0,499530409,0,1
0,9911477809,1,1
0,4735725909,0,0
0,7707078809,0,0
0,1701022609,0,1
0,2533720019,0,0
0,1529282019,1,1
0,6576510002,0,0
0,5011908019,0,0
0,6887414003,0,1
0,8735283007,1,1
0,4462849609,1,1
0,8433213209,0,0
0,7284626003,0,1
0,2797870005,0,0
0,9482340,0,0
0,12361750,1,1
0,576651009,0,0
0,5967085909,0,0
0,4439807809,0,0
0,5812910,0,1
0,2558042109,0,0
0,6925036409,0,0
0,2723675809,0,0
0,14554530,1,1
0,2662843009,1,1
0,8550915003,1,1
0,7450759909,0,1
0,214381009,0,1
0,5541040209,0,0
0,11791150,0,0
0,7913039809,0,1
0,387323909,0,0
0,12743200,0,0
0,4634530003,1,1
0,7961383003,0,0
0,15301530,0,0
0,8981144309,0,0
0,4559387509,1,1
0,8417078709,0,0
0,15607380,0,1
0,17888000,0,0
0,6676602609,0,1
0,721674609,0,1
0,5384779909,0,0
0,5217365209,0,0
0,1312607709,0,0
0,1245745007,0,0
0,181436609,0,0
0,4091671007,0,0
0,1426541003,0,0
0,18091400,0,1
0,5608679109,0,0
0,2018055109,0,1
0,264392019,0,1
0,4998680,0,1
0,378973209,0,0
0,1072190,1,1
0,5403069019,0,1
0,9628220006,0,0
0,86982609,0,0
0,4547124609,0,0
0,7636657609,0,0
0,1776130,1,1
0,4763190,0,1
0,7054481003,0,1
0,687198109,0,1
0,6103823309,0,0
0,13793570,0,1
0,3907563003,0,1
0,15124500,0,1
0,8312574019,0,0
0,7484748709,0,0
0,9355912809,0,0
0,5559546007,0,1
0,8780518109,0,1
0,2031280008,0,0
0,6435150,0,1
0,1293292909,0,0
0,4395168309,1,1
0,1181531109,1,1
0,17179270,1,1
0,2073460008,1,1
0,7482041609,0,0
0,7178725909,0,0
0,3940684004,1,1
0,3711937909,0,0
0,3557355609,0,0
0,3809990,1,1
0,3604576809,1,1
0,8248827003,1,1
0,1288406709,1,1
0,3153606609,1,1
0,304010003,0,1
0,2657070,0,1
0,842897009,1,1
0,197664809,1,1
0,4507850,0,0
0,9589271019,0,1
0,6860529809,0,1
0,986611003,0,0
0,4320500004,0,1
0,17972880,0,0
0,7108174019,0,0
0,4319492909,0,0
0,4773173409,1,1
0,17445090,0,0
0,509715019,0,0
0,8520790,0,1
0,6470228109,0,0
0,15137770,0,0
0,18502540,0,1
0,1002620,0,1
0,137169709,0,1
0,4492245909,0,0
0,9728637909,0,0
0,4666970,0,0
0,8579328609,0,1
0,2582980609,0,0
0,4959224609,0,0
0,5691410509,0,1
0,31337019,0,1
0,1324065409,0,0
0,8475029709,0,0
0,5290560,0,1
0,5254680,0,0
0,9957305909,0,0
0,2862970007,0,0
0,6647665004,1,1
0,7463541409,0,1
0,1870870,0,0
0,14146640,1,1
0,6785324309,0,0
0,3964890,1,1
0,5774636309,1,1
0,9624004003,0,1
0,1294454809,0,0
0,8322186509,1,1
0,8876105109,1,1
0,2738240909,0,1
0,1334340,0,1
0,734727809,1,1
0,7335210004,1,1
0,7062169709,0,0
0,5139502004,1,1
0,4989146909,0,0
0,4799060019,1,1
0,8303058909,0,0
0,4103601119,0,1
0,9326322019,0,1
0,7442298809,0,1
0,4358093009,0,1
0,6268588909,1,1
0,792033003,1,1
0,7419955009,0,1
0,9188146609,0,0
0,88290,0,0
0,619987009,0,0
0,4660360003,0,1
0,368500019,0,1
0,7153091509,1,1
0,6450765119,1,1
0,1428890509,1,1
0,757252609,0,1
0,808559709,1,1
0,1857962909,0,1
0,3063295809,1,1
0,9493240009,0,1
0,4441640409,1,1
0,5095534609,1,1
0,2218428909,0,1
0,1264120,1,1
0,5587950,0,0
0,5236682409,1,1
0,2372120109,0,1
0,2464401009,1,1
0,3661308909,0,0
0,8183576003,0,0
0,3233948909,1,1
0,5065094003,0,1
0,53165809,0,1
0,18186990,0,0
0,5108707809,0,1
0,3563551909,1,1
0,969599909,0,0
0,981647003,0,0
0,9425262109,0,0
0,7253040006,0,0
0,7273560409,0,0
0,1672522008,0,1
0,1314385003,0,0
0,7671483709,0,0
0,7778871309,0,0
0,14076230,1,1
0,8126968509,0,0
0,7911153509,0,0
0,9757869809,0,0
0,7113218019,0,0
0,10024890,0,0
0,10679390,0,0
0,8340798109,0,0
0,5993424009,0,1
0,664908019,0,0
0,12141780,0,0
0,1522061007,0,0
0,18117780,0,0
0,8444351003,0,0
0,6474456909,0,0
0,9612140003,0,1
0,4270206809,0,0
0,6913919109,0,0
0,912481909,1,1
0,14943500,0,0
0,3445622109,0,0
0,5487046909,1,1
0,1845738209,1,1
0,3795963709,0,1
0,130444119,0,1
0,4503426509,0,0
0,15477750,1,1
0,3030755909,1,1
0,9192427709,0,0
0,7710965809,1,1
0,7194494003,0,0
0,1710223709,0,1
0,5079570,0,0
0,5219260,1,1
0,7984754007,0,0
0,499042809,0,0
0,9711267019,0,0
0,6924546809,0,0
0,4015150,0,0
0,693535709,0,0
0,3899270809,1,1
0,6290462109,0,0
0,6170943004,0,1
0,945954709,0,1
0,16382720,1,1
0,1143170,0,0
0,6872977409,0,1
0,856227009,0,0
0,7728410609,1,1
0,4870690007,0,0
0,4231200909,0,0
0,2826990109,0,0
0,17714690,1,1
0,6258690004,1,1
0,1466425019,1,1
0,7162876109,1,1
0,3310040809,0,0
0,7997858109,0,0
0,9652546409,0,0
0,2436474609,0,0
0,8648422007,0,0
0,4522553709,0,0
0,2320930,0,1
0,3746362809,0,0
0,5864691003,0,0
0,6143442004,0,0
0,8228725409,0,1
0,960387003,0,0
0,95360,0,1
0,17987460,0,1
0,4189427609,0,0
0,7512291003,1,1
0,949603209,0,1
0,8798863109,0,0
0,888603909,0,0
0,361485019,0,0
0,15461300,0,0
0,7821342609,0,0
0,11890200,0,0
0,6665545004,0,0
0,3278663019,0,0
0,13447600,0,1
0,3512833809,0,0
0,3062986909,1,1
0,8920075003,1,1
0,2980203409,1,1
0,9344408709,1,1
0,3749416003,0,1
0,418854909,0,1
0,351076909,0,0
0,4520901209,0,0
0,377947709,0,1
0,2068052019,0,0
0,3417009809,1,1
0,5540947509,0,1
0,6434940909,0,0
0,1758900,0,0
0,3287717709,0,1
0,15652920,0,0
0,4547330019,0,0
0,60865909,1,1
0,7955260309,0,1
0,325910009,0,0
0,2157764709,1,1
0,8488681019,0,0
0,7041221109,0,0
0,1097300,0,0
0,642942409,0,0
0,630040,0,0
0,10327960,0,1
0,4128945019,1,1
0,3119774909,1,1
0,9733571003,0,1
0,8781940,0,0
0,8676889209,0,1
0,9337365809,0,1
0,9572960004,0,0
0,16730330,1,1
0,7086107309,0,1
0,1750003003,0,0
0,7678964809,0,0
0,8703848209,0,0
0,16269220,0,0
0,9054271309,1,1
0,9628090007,0,0
0,6079301007,1,1
0,18332780,0,0
0,1975990,0,0
0,4201243003,1,1
0,1967548309,0,0
0,9093420109,0,0
0,2724021007,0,0
0,9477120809,0,0
0,2920493109,0,1
0,7400391004,0,0
0,17081110,1,1
0,8567347109,0,0
0,6422282709,0,0
0,5152383709,0,1
0,651014809,1,1
0,588131709,1,1
0,763660004,1,1
0,1967451509,0,1
0,701227709,0,0
0,6463963809,1,1
0,5660520,0,1
0,3203415019,0,0
0,12728090,1,1
0,9770440709,0,1
0,5144481409,0,0
0,1462860,0,0
0,9498830,1,1
0,9441465709,0,1
0,9804247809,0,0
0,8553726003,0,0
0,4692221709,1,1
0,8984470309,0,1
0,1078951709,0,0
0,985136109,0,0
0,5592640009,0,0
0,1657654003,0,1
0,2011709609,1,1
0,9545466409,1,1
0,1889060,0,0
0,703824003,0,1
0,6555005909,0,0
0,5533922019,0,0
0,1722044007,0,1
0,6546270509,0,1
0,6910351709,1,1
0,1490897909,0,0
0,8760001019,0,1
0,4996173019,0,1
0,216260008,1,1
0,8780390005,0,1
0,7267623909,0,1
0,3692930009,0,0
0,1116820,0,1
0,844333909,1,1
0,3781866003,0,0
0,341280,0,0
0,9115853007,0,1
0,6932076909,0,0
0,9112406009,0,0
0,10734400,0,1
0,6078155003,1,1
0,7451886019,0,0
0,9091490003,0,0
0,2857251609,0,1
0,8209369709,0,1
0,8078644409,0,1
0,8269910709,1,1
0,8558313019,0,0
0,7799963004,0,0
0,5256530,1,1
0,592813709,1,1
0,9417318003,0,1
0,1799928003,0,1
0,8494412019,0,0
0,477260006,0,1
0,5036964909,0,0
0,9465100003,0,0
0,2082148709,0,1
0,7735955109,0,0
0,14588220,0,1
0,12912230,0,0
0,9327451509,0,1
0,9131491119,0,0
0,2107146509,0,1
0,5080241003,0,0
0,2633065409,1,1
0,15459650,0,1
0,340715119,0,0
0,9985676409,0,0
0,4677683109,0,0
0,4712983119,0,0
0,6199657509,0,0
0,3090600001,0,1
0,6505879209,0,1
0,1743928309,1,1
0,589669509,1,1
0,4574266509,0,0
0,3723752809,1,1
0,8898732709,1,1
0,8848011809,1,1
0,7495948709,0,0
0,6561853909,0,1
0,9459236809,0,0
0,47527003,0,0
0,5553772007,0,1
0,4651215209,0,0
0,904010,1,1
0,3990280,0,1
0,7700260003,0,0
0,4321090,0,1
0,7528280909,0,0
0,858042003,0,0
0,6009396509,0,0
0,7570628609,1,1
0,2010110003,0,1
0,16376540,1,1
0,16501520,1,1
0,838692509,0,0
0,2475357309,0,0
0,1647961019,0,1
0,2018918909,0,0
0,7231610409,0,0
0,16547360,0,0
0,1723321809,1,1
0,13666019,1,1
0,2287070003,0,1
0,7703490119,0,0
0,6518852209,1,1
0,8492779509,1,1
0,5813190,0,0
0,2678761409,0,0
0,6193190007,0,0
0,7983586509,1,1
0,4278344609,1,1
0,7723701509,0,1
0,453818209,0,0
0,1226690007,1,1
0,2012732809,0,0
0,1042611119,0,1
0,281247109,0,1
0,2149511019,0,1
0,1324058009,0,0
0,5413660,0,1
0,7661633709,0,0
0,4326112509,0,0
0,9591100006,0,0
0,1258604004,1,1
0,1610291119,0,0
0,2808489909,0,0
0,903715007,0,0
0,9641164019,0,0
0,4871344609,0,0
0,7222743409,0,0
0,8568764909,1,1
0,3606880,0,0
0,9475483209,1,1
0,20630909,0,0
0,1532390004,0,0
0,4438859109,0,1
0,4141086209,0,0
0,8439969209,0,0
0,9612537809,0,1
0,18188130,1,1
0,9975114019,1,1
0,6152213709,1,1
0,4644041007,1,1
0,6098512004,1,1
0,5726917309,0,0
0,6933739009,1,1
0,12683670,1,1
0,5581683009,0,0
0,7382390119,0,0
0,13312030,0,0
0,14790540,0,0
0,9294220709,0,0
0,743950,1,1
0,3028610,0,0
0,1539481609,0,1
0,3164725019,0,0
0,4109560006,0,0
0,6701892003,0,0
0,2592220,0,0
0,1196425909,0,0
0,8509976909,1,1
0,17007160,1,1
0,946829609,0,0
0,4693881409,0,1
0,2804502509,0,0
0,7735648709,0,0
0,497517809,1,1
0,98707809,1,1
0,6847314109,1,1
0,4857760,0,0
0,971261609,0,0
0,6199017409,1,1
0,8475056509,1,1
0,7757007709,0,0
0,583950,0,0
0,678037009,0,1
0,1894916909,0,0
0,419079909,0,0
0,5349130,0,1
0,17003930,1,1
0,9244859709,0,0
0,6195891709,0,0
0,852535809,0,0
0,2627460,1,1
0,638610004,0,0
0,6688566909,0,0
0,4776263609,0,1
0,5305980709,1,1
0,5513366609,1,1
0,7629384809,0,1
0,7023684509,0,0
0,5996443609,0,0
0,919471409,0,0
0,2605000,1,1
0,171140409,0,0
0,4093711709,0,0
0,8640824004,1,1
0,443050509,0,1
0,8836331003,0,0
0,18471870,0,1
0,18460790,0,1
0,9920290,0,0
0,440910909,0,1
0,394220709,0,1
0,375915809,0,1
0,6284012709,0,1
0,606760,1,1
0,7259137003,1,1
0,2599150,0,1
0,2242860809,0,0
0,8866515019,0,0
0,5351200,0,0
0,105150019,0,0
0,3023834809,0,1
0,248663109,0,0
0,540790,0,1
0,9448314509,0,0
0,6574561004,0,0
0,4494185809,0,0
0,717570003,1,1
0,4617160,1,1
0,7747251209,0,0
0,8554833809,0,0
0,4329475909,1,1
0,4572521009,0,1
0,2895199809,0,0
0,1138935019,0,1
0,8355330709,0,0
0,9682900509,0,0
0,8414031009,1,1
0,8334292019,0,0
0,3531188109,0,1
0,3827560109,0,0
0,8805836509,0,1
0,610158809,0,1
0,2310769409,1,1
0,3220623409,1,1
0,1614814809,0,0
0,7681194003,0,0
0,2740206119,0,1
0,6810603509,0,0
0,9001490,1,1
0,8948916003,0,1
0,6866753009,0,0
0,18808120,0,1
0,3750889019,0,1
0,18220640,0,0
0,2515650019,1,1
0,627056003,0,0
0,5336139709,0,0
0,977103909,0,0
0,4232150,0,1
0,17447800,1,1
0,3381556909,1,1
0,17954390,0,0
0,18660880,0,0
0,4734415003,0,1
0,3533807809,0,0
0,8051685309,0,0
0,2641013609,0,0
0,1299065409,0,0
0,12006620,0,1
0,4062343003,1,1
0,6732395003,0,0
0,7700931709,0,0
0,3932463003,1,1
0,1384788309,0,0
0,11019320,0,1
0,16419200,0,1
0,2421908109,0,0
0,6069542007,0,0
0,1429524309,0,0
0,851094709,0,1
0,645205909,0,0
0,32606003,0,1
0,3197452809,0,0
0,802902019,1,1
0,206479109,0,0
0,1628416009,0,1
0,7254753809,1,1
0,4678520,0,1
0,6017560,0,1
0,4974336909,0,0
0,425604609,0,0
0,9826523109,0,0
0,17478909,0,1
0,2323111609,0,1
0,9885245809,0,0
0,1853020,0,1
0,115885309,0,0
0,2283600,0,0
0,1050201003,0,1
0,6501534209,0,0
0,5854345003,0,0
0,3298140,0,0
0,826201609,1,1
0,4542705003,1,1
0,2986918009,0,0
0,5985555309,0,0
0,2850684309,0,0
0,4395460,1,1
0,6558400609,1,1
0,7438374909,1,1
0,7068998409,0,0
0,6233538009,0,1
0,8487110709,0,0
0,1330141003,0,0
0,5400333003,0,0
0,1433720019,0,1
0,1667800,1,1
0,7671155007,0,0
0,5705316007,0,0
0,9430622003,1,1
0,6343923109,1,1
0,8060039019,1,1
0,1421413119,1,1
0,5301812409,0,1
0,7876594019,0,0
0,32581509,0,1
0,133916909,0,1
0,8804765709,0,0
0,15258090,0,1
0,9074210,1,1
0,2658574609,1,1
0,70560,0,1
0,3926452309,0,1
0,2436476509,0,1
0,2823866809,0,0
0,43759509,0,1
0,7112161109,0,1
0,1248850,1,1
0,6114661909,0,1
0,7972821008,0,0
0,5729304609,0,0
0,2111640,0,0
0,6106006909,0,1
0,1368624309,0,0
0,1168682709,0,1
0,892137609,0,1
0,3911110,1,1
0,578070209,1,1
0,3351030609,0,0
0,9207886709,0,0
0,6155508003,0,0
0,2284409809,0,0
0,2575943509,0,1
0,4892203004,0,1
0,8562116003,1,1
0,3213945007,0,0
0,2946360,0,0
0,1809826007,0,0
0,1114754609,0,1
0,929187003,0,0
0,518939609,0,1
0,3275002709,0,0
0,625797409,0,0
0,7431286003,0,1
0,1230914409,0,0
0,6267543509,0,1
0,6789489009,0,1
0,15795110,0,0
0,6683099709,1,1
0,9579474019,1,1
0,114002609,1,1
0,1002632003,0,0
0,4387725509,0,0
0,1909020019,0,0
0,482398309,0,1
0,1066922509,0,0
0,4420459109,0,1
0,2921766609,0,0
0,820305019,0,1
0,5337677709,0,0
0,8254544004,1,1
0,6864182004,1,1
0,1807096109,0,0
0,4200418509,0,0
0,1872710909,0,1
0,3275093709,0,0
0,7935447609,0,0
0,5815491909,1,1
0,3803433009,0,0
0,5593995019,0,0
0,13302780,0,0
0,7257790,1,1
0,4901219019,1,1
0,2971370005,0,0
0,10197650,0,0
0,6817353007,1,1
0,19202790,0,1
0,3039763309,1,1
0,12679710,0,0
0,2924421003,0,1
0,9052583709,0,0
0,5412543809,0,1
0,842721007,0,0
0,5282735019,0,1
0,6541852004,0,1
0,7496101909,0,1
0,9836268309,1,1
0,5994849409,1,1
0,10853120,1,1
0,2860464019,0,0
0,2543148209,0,0
0,1702123609,0,0
0,1491042019,0,0
0,7772946709,0,1
0,1399085409,1,1
0,12433510,1,1
0,5442361909,0,0
0,15874180,1,1
0,9187649609,1,1
0,2243879809,0,1
0,427316509,0,0
0,4721882409,1,1
0,9756336019,0,1
0,5575775004,0,0
0,2390667909,1,1
0,198197709,0,0
0,2450480,0,1
0,8352060019,0,1
0,8878871309,0,1
0,1569254007,0,1
0,7237950509,0,1
0,6767082003,1,1
0,3491071003,1,1
0,13565390,0,1
0,2912553003,0,1
0,5798700709,0,1
0,6599672909,0,0
0,4467903209,0,1
0,78460004,1,1
0,8377546409,0,1
0,422212909,0,1
0,5478721809,0,0
0,3032298709,0,1
0,2781162009,0,0
0,1112008003,0,0
0,846850,0,1
0,9432751119,0,1
0,9890730809,0,0
0,9099940,0,1
0,295321109,0,1
0,1753559609,1,1
0,8606234509,0,0
0,2337664004,0,0
0,540170119,1,1
0,9501133709,1,1
0,5337696709,0,1
0,2159622909,0,0
0,8747833007,1,1
0,18157000,1,1
0,5344106003,1,1
0,1330852609,0,0
0,3799431509,0,0
0,5519200,0,0
0,3073154109,0,1
0,8016521007,0,1
0,7831772119,0,1
0,1548048309,0,1
0,3781681007,1,1
0,5394806909,1,1
0,3881088909,1,1
0,4221670,0,1
0,435270,0,1
0,4228378109,1,1
0,3162823119,0,0
0,6116247009,0,1
0,2954623809,0,1
0,9978973609,0,0
0,775195003,0,0
0,1277084909,0,0
0,6104792809,1,1
0,4879485809,1,1
0,18167140,1,1
0,5560697019,0,1
0,9813657003,0,1
0,224696209,0,0
0,8637087209,0,0
0,2124930,0,0
0,18687210,0,0
0,3429541007,0,1
0,7452613019,0,0
0,7254409809,1,1
0,4609345809,1,1
0,6801223609,1,1
0,5331746007,1,1
0,3984080007,1,1
0,6414622009,0,0
0,1230825019,0,0
0,5161910,0,0
0,8522432209,0,0
0,7394248409,0,0
0,9357734809,0,0
0,7957960004,0,0
0,3277633003,0,1
0,4848577003,0,0
0,8610590,1,1
0,2641816909,1,1
0,1773994003,1,1
0,780925007,0,1
0,8714270,0,1
0,6372223709,1,1
0,2176203009,0,0
0,9870890007,1,1
0,1366556709,0,1
0,4476140809,1,1
0,1001220005,0,0
0,19325630,0,1
0,966877009,0,1
0,4000777409,0,0
0,6470535609,0,0
0,7442698019,0,1
0,6635585003,0,0
0,7800150007,0,0
0,843666003,0,0
0,3819695019,0,0
0,5981360,0,0
0,8741530,1,1
0,7463704609,1,1
0,323217809,1,1
0,5572247609,1,1
0,1241108909,0,1
0,4291885709,0,0
0,2009238909,0,0
0,2259322007,1,1
0,4007680003,0,1
0,6036323809,0,0
0,5102038809,0,1
0,9223141409,1,1
0,4185647009,0,0
0,3794231003,0,1
0,813752003,1,1
0,8639120409,0,1
0,2991390,1,1
0,891575119,1,1
0,7691221909,0,0
0,10723560,0,0
0,278022003,0,0
0,5007440,0,0
0,230649309,0,0
0,7823136309,0,0
0,835501109,0,1
0,2211893909,0,1
0,7110555309,0,1
0,4222638019,1,1
0,2468760,0,1
0,6522375019,0,1
0,6364002007,1,1
0,8089622007,1,1
0,7478360008,0,1
0,15867070,0,0
0,14194450,0,0
0,3484460,0,0
0,3084336609,0,0
0,4324350909,0,1
0,7029148709,0,0
0,4345330809,0,1
0,10425880,1,1
0,8168964409,0,1
0,4785620,0,0
0,943082119,1,1
0,6569917609,0,0
0,18067560,0,0
0,17737020,1,1
0,321395209,0,1
0,7058980,0,0
0,13226540,0,0
0,3563380909,1,1
0,9201145709,0,0
0,146998809,0,1
0,17785540,0,1
0,6503484909,0,0
0,398893009,1,1
0,10871380,0,0
0,3825245509,0,0
0,649843019,0,1
0,556383003,0,0
0,4342750,1,1
0,7188060,0,0
0,1015060,0,0
0,4612420,1,1
0,2082170209,1,1
0,6241696609,1,1
0,3254773409,1,1
0,1509158209,1,1
0,3054257909,0,1
0,1444855309,0,1
0,7506980003,0,1
0,7827003109,0,1
0,7142321004,0,0
0,144454007,0,1
0,1085916609,0,0
0,5597170,0,1
0,16345460,0,1
0,2661664009,0,1
0,3361384019,0,0
0,7123334309,1,1
0,2853470,1,1
0,14969880,1,1
0,12382540,0,0
0,490051003,0,0
0,118343019,1,1
0,1900491005,0,1
0,6168685309,0,0
0,8743353019,0,0
0,764058709,1,1
0,7963569019,1,1
0,1097206809,1,1
0,2953241709,0,0
0,2589434209,0,0
0,6903390,0,0
0,8991999019,0,0
0,6687278209,0,1
0,2185312005,0,0
0,1353160609,0,0
0,13127690,0,0
0,2459270,0,1
0,8459661709,0,0
0,355319709,0,0
0,4034711007,0,1
0,8988460,0,0
0,14184690,0,1
0,605946003,0,1
0,19081420,0,0
0,3172850209,0,0
0,6583612309,1,1
0,8872920,0,1
0,5179041004,0,0
0,1995062109,0,1
0,17578230,0,0
0,7882140,0,0
0,2919701007,0,0
0,3597022007,0,0
0,1837593909,0,1
0,2441206003,0,1
0,7776042309,0,0
0,5881319019,0,0
0,7011642019,0,0
0,5574450,0,0
0,8332161909,0,1
0,741483809,0,0
0,5233160008,0,0
0,1343621003,0,0
0,16918290,0,0
0,6893518409,0,1
0,1822890,1,1
0,137221509,1,1
0,506050,1,1
0,738924003,0,0
0,9006285809,1,1
0,16041100,1,1
0,9380894509,1,1
0,694307909,0,0
0,7747671109,0,0
0,7038278109,0,0
0,3369730,0,0
0,686902609,1,1
0,2091810,0,0
0,884221004,0,1
0,3816147109,0,0
0,1458664709,0,0
0,170776309,0,0
0,2270128909,0,0
0,8680302409,1,1
0,7674069009,0,0
0,6751137709,0,0
0,5788273019,0,1
0,4626900,1,1
0,5011668509,1,1
0,1264903004,0,1
0,6847695509,0,1
0,2590411909,0,1
0,459080,0,0
0,7174662309,0,0
0,597464809,0,0
0,3349168109,0,1
0,653830,1,1
0,914280,1,1
0,1885415709,1,1
0,581616609,0,0
0,2486905209,0,1
0,4536347003,0,1
0,10416750,0,0
0,3622338003,0,1
0,538195409,0,0
0,405087003,0,1
0,39942007,0,0
0,739458809,0,1
0,799194809,1,1
0,7890175909,0,0
0,790444109,1,1
0,94826409,1,1
0,3159453019,0,0
0,4895220,0,0
0,2491605007,0,1
0,5994821309,0,0
0,2801936409,0,1
0,19340470,0,0
0,599303409,0,0
0,4517838409,0,1
0,8228657109,0,1
0,5878352109,0,0
0,5904641004,0,0
0,9690101809,0,1
0,2585440,0,1
0,2001338809,0,0
0,412180,0,1
0,1212812007,0,1
0,5806549309,0,0
0,12065350,1,1
0,7125013709,0,1
0,2297659809,0,0
0,1318211309,1,1
0,4584487209,0,0
0,16683280,0,0
0,587762909,0,0
0,6841636509,0,0
0,4676826709,0,0
0,1934740005,0,0
0,5411464109,1,1
0,7159291309,0,0
0,3328764109,0,1
0,7431371209,0,0
0,17062850,0,1
0,7963777809,0,0
0,5192840,1,1
0,899339509,0,0
0,2988390409,0,0
0,1930636509,0,1
0,4542915007,0,0
0,8860071909,0,0
0,322324003,0,0
0,15319670,1,1
0,8045700019,1,1
0,4624139409,1,1
0,9244580,1,1
0,1015910019,0,0
0,2244585809,0,0
0,1752679019,1,1
0,18614400,1,1
0,5102362309,0,1
0,15718680,0,0
0,501124003,0,0
0,6768138509,0,1
0,193957809,0,0
0,933913003,0,1
0,460425004,1,1
0,9690339309,0,1
0,7333869809,0,0
0,5363511809,1,1
0,9826060,1,1
0,5428669509,0,0
0,7242067309,0,0
0,229347909,0,1
0,17830960,0,0
0,3790112809,0,0
0,8092715109,0,0
0,6750250109,0,1
0,688359609,0,0
0,541176019,0,0
0,7040906119,0,0
0,7368643009,0,0
0,876380,0,0
0,4209790,0,1
0,4306890809,0,0
0,8775258809,0,1
0,721319909,0,1
0,8042585009,0,1
0,1235951003,0,0
0,5601586909,0,1
0,980632709,0,0
0,16896000,0,0
0,1910771309,0,0
0,939618709,0,0
0,6948655007,0,0
0,9869741007,0,1
0,7258672109,0,1
0,3631648609,0,0
0,4986824509,0,0
0,2529812809,0,0
0,1209361003,0,0
0,19601840,0,1
0,2415800,1,1
0,15864810,0,0
0,2377353007,0,0
0,622432109,0,1
0,1528542019,1,1
0,5592795007,1,1
0,2761773019,0,0
0,7093622909,0,0
0,152919809,0,0
0,1092990004,0,1
0,10200370,0,0
0,7862106007,0,1
0,20002690,0,0
0,7205570003,0,1
0,5555240,0,0
0,199928109,0,0
0,8464093809,1,1
0,5831360,1,1
0,12732740,0,0
0,8895880004,0,1
0,6335459509,0,0
0,1590089709,0,0
0,6890432019,0,0
0,2517282019,0,0
0,2002913409,0,0
0,5524750003,0,0
0,7349838309,0,0
0,18131020,0,0
0,9077763009,0,0
0,3000937809,0,0
0,1474908709,0,0
0,8381711709,0,0
0,850350,0,0
0,15284640,0,0
0,6938711909,0,1
0,3555780005,0,0
0,654728909,0,1
0,4885073009,0,0
0,3954591009,0,1
0,18134810,0,0
0,4874442609,0,0
0,350350109,0,0
0,6575012409,0,0
0,3504520,0,0
0,6213727409,0,0
0,6670492119,0,1
0,3603723119,0,0
0,4163749809,0,1
0,6668752909,0,1
0,8015248709,0,0
0,4173275409,0,0
0,1696946007,0,0
0,9428523007,0,0
0,2249493109,0,0
0,4645748209,0,0
0,6935355609,0,0
0,2026252019,0,1
0,5236302509,0,0
0,2254737909,0,0
0,7262395909,0,0
0,783206309,0,1
0,2928199209,0,1
0,5948700,0,1
0,5976420005,0,1
0,10149880,0,0
0,5905610,0,1
0,19100010,0,1
0,7582502509,0,1
0,3951950,0,0
0,6917596003,0,1
0,7782967709,0,0
0,3842051119,0,0
0,9154021509,0,0
0,5743346509,0,0
0,17560510,0,0
0,2986079609,0,1
0,6825549809,0,1
0,5311290209,0,0
0,1575537709,0,1
0,1159997003,0,0
0,906106909,0,0
0,799511609,0,1
0,2112490709,0,0
0,1922877003,0,1
0,4328683004,0,0
0,8986979609,0,1
0,1710372019,0,0
0,8579738809,0,0
0,778654309,0,0
0,745913019,0,0
0,139023009,0,0
0,158740,0,0
0,4353848709,0,0
0,4658753309,0,1
0,13055060,0,1
0,1031636809,0,1
0,3563161109,0,1
0,19914940,0,0
0,2715471509,0,0
0,6134535309,0,1
0,17944160,0,1
0,836861004,0,0
0,9380713003,0,1
0,3055537709,0,0
0,14129220,0,1
0,9122084609,0,0
0,14950380,0,1
0,2189323509,0,1
0,8187999909,0,0
0,15258180,0,0
0,1544011004,0,0
0,711210003,0,0
0,2482824109,0,0
0,4710240,0,0
0,9669647609,0,0
0,710559019,0,1
0,7106946509,0,0
0,4392415909,0,0
0,2233937019,0,0
0,7747450,0,1
0,7901761409,0,1
0,8050225119,0,0
0,4471160119,0,0
0,7656001019,0,0
0,17735970,0,0
0,9685590109,0,0
0,5790260,0,0
0,7496289709,0,0
0,2520315709,0,0
0,589801809,0,0
0,388935003,0,1
0,690452003,0,0
0,595125309,0,0
0,6978940008,0,0
0,2467041009,0,0
0,14124330,0,1
0,4062620,0,1
0,7603408003,0,1
0,10111220,0,0
0,3356588609,0,1
0,8295429209,0,0
0,19917360,0,1
0,7579282409,0,0
0,8815116609,0,0
0,18082320,0,0
0,240448809,0,1
0,5366226209,0,0
0,5220376209,0,0
0,1660120909,0,1
0,4903612003,0,0
0,4974760,0,0
0,16464980,0,1
0,54158109,0,1
0,8969514003,0,0
0,8430289509,0,0
0,6081472003,0,0
0,3709826709,0,0
0,6080465007,0,1
0,8562966409,0,0
0,2561577019,0,0
0,5215190,0,0
0,13416900,0,0
0,3745960,0,1
0,4271217109,0,0
0,5075925609,0,1
0,1815760,0,1
0,4199245509,0,1
0,3663271809,0,0
0,2353827003,0,0
0,812465019,0,0
0,6755064909,0,1
0,698036019,0,1
0,19601190,0,1
0,8702121003,0,0
0,4563420309,0,0
0,4970630,0,0
0,9494953003,0,1
0,531090,0,0
0,9453443809,0,1
0,7344473609,0,0
0,1046270,0,1
0,18230450,0,0
0,638650609,0,0
0,1319119809,0,1
0,410689109,0,1
0,6222444119,0,0
0,4005351008,0,0
0,486435019,0,1
0,2417520,0,1
0,817461309,0,0
0,610007003,0,0
0,7368098809,0,1
0,13498280,0,1
0,18575330,0,0
0,15624820,0,1
0,960012003,0,1
0,4023383609,0,0
0,18116010,0,0
0,8619166909,0,1
0,9215417309,0,0
0,2633514109,0,0
0,2489938309,0,0
0,517226007,0,0
0,16131509,0,0
0,18777490,0,0
0,8439252809,0,0
0,5028007003,0,0
0,7473130909,0,0
0,4115195309,0,0
0,5558600,0,0
0,9459292007,0,0
0,5318669909,0,0
0,7578553609,0,0
0,3361778809,0,1
0,8741470,0,0
0,4847522809,0,1
0,4768461008,0,0
0,4078770007,0,0
0,2232565909,0,0
0,2845067909,0,1
0,18587680,0,0
0,19083990,0,0
0,18233180,0,1
0,9823706209,0,0
0,15649920,0,0
0,4805097609,0,0
0,381666109,0,0
0,6139683007,0,0
0,581700,0,0
0,4194186609,0,0
0,9111600909,0,0
0,1834597109,0,0
0,1679211709,0,0
0,1838155609,0,0
0,1308037709,0,0
0,6170328003,0,0
0,25024109,0,0
0,7792683119,0,1
0,2866083909,0,1
0,6053956109,0,0
0,6754811005,0,1
0,7409408909,0,0
0,2216383004,0,0
0,2164700,0,1
0,1157720,0,0
0,1373061909,0,0
0,157799809,0,0
0,3343280,0,0
0,447973003,0,1
0,3400530309,0,0
0,9587390004,0,0
0,3768991209,0,0
0,17833480,0,1
0,1765671004,0,0
0,6319467909,0,0
0,19203680,0,1
0,2572040,0,1
0,138102309,0,0
0,5184550,0,0
0,10982660,0,1
0,6477478809,0,1
0,9068480109,0,0
0,8916723909,0,1
0,13860330,0,0
0,5741952209,0,0
0,854302909,0,0
0,1681130,0,0
0,9598373409,0,1
0,5461041007,0,0
0,692619019,0,0
0,587220709,0,0
0,914161019,0,0
0,365133809,0,0
0,5540610,0,1
0,8169954909,0,0
0,510184609,0,0
0,11759750,0,1
0,3855101008,0,0
0,17049520,0,0
0,9502342909,0,0
0,7849246709,0,0
0,3366770009,0,1
0,9623657003,0,1
0,1414120,0,0
0,7790438909,0,0
0,4478927809,0,0
0,3912866509,0,0
0,854484409,0,0
0,5848640,0,0
0,8522324009,0,0
0,453872909,0,0
0,2914870,0,0
0,1330930,0,1
0,18361850,0,1
0,411661019,0,0
0,5138596409,0,0
0,9116711007,0,0
0,1066199909,0,1
0,8437707003,0,0
0,3850688609,0,1
0,4384090019,0,0
0,4371425019,0,1
0,7580173019,0,0
0,1687588809,0,0
0,20591890,0,0
0,2196678009,0,0
0,8587413709,0,0
0,1147054003,0,0
0,846040,0,0
0,1490820,0,0
0,361020,0,0
0,2205920,0,1
0,2192810,0,1
0,3543050,0,0
0,21369709,0,0
0,8909051009,0,0
0,1417755019,0,0
0,1388713709,0,0
0,7162721003,0,0
0,3809130,0,0
0,19372980,0,1
0,2878234003,0,0
0,6561835007,0,0
0,262680007,0,0
0,9842831509,0,1
0,3540571609,0,0
0,5698449009,0,0
0,4228720,0,1
0,3108261709,0,0
0,5298140008,0,0
0,16341000,0,1
0,9613242119,0,0
0,3149310,0,0
0,7727903003,0,0
0,1540260,0,0
0,3351114007,0,0
0,7055010009,0,0
0,985159409,0,0
0,34034007,0,0
0,6331822003,0,0
0,8810290109,0,1
0,714955609,0,0
0,3082066309,0,0
0,7477599509,0,1
0,1931274209,0,1
0,9488644109,0,1
0,2821077709,0,0
0,2957466909,0,0
0,598736809,0,0
0,6023369809,0,0
0,3287255003,0,1
0,9101053609,0,1
0,12663390,0,1
0,14219100,0,0
0,260536709,0,0
0,1881440,0,0
0,5649800,0,0
0,9683363019,0,1
0,4473697909,0,1
0,12297720,0,0
0,9680132119,0,0
0,8131620,0,0
0,5551251004,0,0
0,6756493019,0,0
0,9881633909,0,0
0,1506981005,0,1
0,929517209,0,0
0,1401333019,0,0
0,9853452004,0,0
0,2530076509,0,0
0,7854880019,0,0
0,646975109,0,1
0,673333909,0,0
0,6681179019,0,0
0,3751047709,0,0
0,2442627409,0,0
0,1471941909,0,1
0,14484870,0,0
0,6636981709,0,0
0,17949530,0,0
0,6565223019,0,0
0,8843463909,0,0
0,244804004,0,0
0,3071117209,0,0
0,464900,0,0
0,238593003,0,0
0,3445561019,0,0
0,9868354809,0,0
0,3226208909,0,0
0,1506735009,0,1
0,4161946809,0,0
0,502258909,0,0
0,8940938809,0,0
0,9205633609,0,0
0,4518511003,0,0
0,6005480008,0,0
0,2298164609,0,0
0,6563440709,0,0
0,8670090003,0,0
0,781683003,0,0
0,297816007,0,0
0,5478137009,0,0
0,9548740,0,0
0,9539870,0,0
0,6474422909,0,0
0,1311202809,0,0
0,44710,0,0
0,2382454309,0,0
0,1686815019,0,0
0,4009911709,0,0
0,10085770,0,0
0,610457409,0,0
0,4840643809,0,0
0,5623057003,0,0
0,5706416003,0,0
0,9491135003,0,1
0,659485019,0,0
0,3552475509,0,0
0,14578290,0,1
0,9193491004,0,0
0,7641907019,0,0
0,12686870,0,0
0,93152009,0,0
0,354390809,0,0
0,3670259509,0,0
0,8109920,0,0
0,8561343004,0,0
0,20507640,0,0
0,280714709,0,1
0,7926450019,0,0
0,6801907509,0,0
0,3597057809,0,0
0,9020799209,0,0
0,9919234019,0,0
0,6359071809,0,0
0,2846040,0,0
0,800921003,0,0
0,4171783709,0,0
0,19906900,0,0
0,741049709,0,0
0,7672407003,0,0
0,5555650,0,0
0,7533010019,0,1
0,2948090,0,0
0,595700309,0,0
0,14365360,0,0
0,3513780,0,0
0,4823020,0,0
0,155809709,0,0
0,3983563909,0,1
0,9812020,0,0
0,476466809,0,0
0,5963508509,0,0
0,5457648709,0,0
0,1623177909,0,0
0,4473737003,0,0
0,3746007609,0,0
0,8349121007,0,0
0,6710252709,0,0
0,7417724007,0,0
0,6728535019,0,0
0,2504250,0,0
0,4998771003,0,0
0,3738478909,0,1
0,9856182003,0,0
0,2761538003,0,0
0,6748560007,0,0
0,5900854119,0,1
0,451110004,0,0
0,3105580,0,1
0,7062820004,0,0
0,5224800006,0,0
0,2881591809,0,0
0,1471040,0,1
0,612906509,0,0
0,590982119,0,0
0,8250822019,0,0
0,4459303309,0,0
0,21455650,0,0
0,5370165119,0,0
0,9908889009,0,1
0,7157070,0,0
0,7512184109,0,1
0,9555970007,0,0
0,979430609,0,0
0,355252009,0,0
0,3777340909,0,0
0,4970243109,0,1
0,14555340,0,1
0,581860004,0,0
0,9136322004,0,0
0,604665609,0,1
0,15365860,0,0
0,597558209,0,0
0,8345392003,0,0
0,5997790109,0,0
0,631628809,0,0
0,2524020809,0,0
0,1654772209,0,1
0,156311109,0,1
0,9371393007,0,0
0,9304695019,0,0
0,8046054309,0,0
0,428160,0,0
0,662299909,0,0
0,401280,0,0
0,998535019,0,0
0,2350930019,0,0
0,5447184003,0,0
0,7278773109,0,0
0,7962415019,0,0
0,5677220,0,0
0,13900800,0,0
0,8933240,0,0
0,7581141007,0,1
0,1375375909,0,0
0,691881209,0,0
0,3896147909,0,0
0,868936003,0,0
0,5000344003,0,0
0,967572007,0,0
0,1366201008,0,0
0,7352646019,0,0
0,3045626809,0,0
0,9981952509,0,0
0,10789750,0,0
0,2465392909,0,0
0,5222510,0,1
0,2070727509,0,0
0,6159424909,0,0
0,2688749709,0,0
0,5692680,0,1
0,8182658509,0,0
0,1705540008,0,0
0,1213398209,0,0
0,174542003,0,0
0,472810,0,1
0,349513003,0,0
0,72782609,0,0
0,16995460,0,1
0,2879475109,0,0
0,380270509,0,0
0,4219129309,0,0
0,9493340,0,0
0,1151435309,0,0
0,856456009,0,0
0,4585810,0,0
0,6086559909,0,0
0,8240584119,0,0
0,1425940,0,0
0,5793032007,0,0
0,8590759019,0,0
0,1998612209,0,1
0,4525599909,0,0
0,1290527609,0,1
0,6422048809,0,0
0,6915586809,0,0
0,2113650709,0,0
0,4452870005,0,0
0,8332235003,0,0
0,363545509,0,0
0,669904909,0,0
0,387474309,0,0
0,976671709,0,0
0,2950070109,0,0
0,5318960003,0,0
0,375310309,0,0
0,14285450,0,0
0,994157409,0,0
0,4171250119,0,0
0,4479109509,0,0
0,6226922509,0,0
0,1019330,0,0
0,10179950,0,0
0,8101052709,0,0
0,83118809,0,0
0,7457033409,0,1
0,3167010209,0,1
0,3091138309,0,0
0,2854166709,0,0
0,9332160909,0,0
0,4323288109,0,0
0,3116890,0,0
0,6623082004,0,0
0,1255659609,0,0
0,9735944909,0,0
0,160964003,0,0
0,6026830,0,0
0,3490530,0,0
0,9678375709,0,0
0,5158977009,0,0
0,340622003,0,1
0,9923756409,0,0
0,12946590,0,0
0,2455100005,0,1
0,701114004,0,0
0,4301985809,0,0
0,2437212809,0,0
0,2250966609,0,0
0,4425630019,0,1
0,7746750,0,0
0,13077980,0,0
0,6129899409,0,1
0,4594813003,0,0
0,466949409,0,0
0,9305635009,0,0
0,2019430009,0,0
0,7930629909,0,0
0,899065019,0,0
0,3928838409,0,0
0,2698670,0,0
0,5474140003,0,0
0,2469080003,0,0
0,536587709,0,1
0,7181601009,0,0
0,15446760,0,0
0,17784130,0,0
0,2116283309,0,0
0,7675520,0,1
0,233390119,0,0
0,3183949019,0,0
0,7941010109,0,0
0,1469545609,0,0
0,1531170,0,0
0,7051910609,0,0
0,18712450,0,0
0,7705860,0,0
0,2948040007,0,0
0,5043854309,0,0
0,2218982309,0,0
0,9387251309,0,0
0,5958635509,0,0
0,1511181909,0,0
0,2580194003,0,0
0,9276390007,0,0
0,9529954109,0,0
0,7093330609,0,0
0,3091044909,0,0
0,3231406909,0,0
0,8438680,0,1
0,8977623019,0,1
0,374224809,0,0
0,416030909,0,0
0,355200509,0,0
0,1169902109,0,0
0,2633408003,0,0
0,9986691809,0,0
0,5470716003,0,0
0,6038622809,0,0
0,7861004909,0,0
0,2697363003,0,0
0,4779800,0,0
0,6698970409,0,0
0,9209842007,0,0
0,5971971005,0,1
0,9816565909,0,0
0,2566174309,0,0
0,5116400209,0,1
0,3205070004,0,0
0,3704939209,0,1
0,5849570,0,1
0,282293109,0,0
0,6364626809,0,0
0,7270410003,0,0
0,945101309,0,0
0,428814009,0,0
0,847074709,0,0
0,12744620,0,0
0,3261211003,0,0
0,2100225709,0,0
0,6269814004,0,0
0,13075100,0,0
0,12706320,0,0
0,4305464809,0,1
0,9412986309,0,0
0,5249830,0,0
0,78161009,0,0
0,16069500,0,0
0,1276960,0,0
0,7881811119,0,0
0,12109350,0,1
0,961860004,0,0
0,13484510,0,0
0,21402410,0,1
0,1641290119,0,0
0,6476502109,0,0
0,932036809,0,0
0,2311566509,0,0
0,8728374909,0,0
0,18748100,0,1
0,1440048309,0,1
0,9794501509,0,0
0,3586351909,0,0
0,7109747809,0,0
0,3213394007,0,0
0,1688068709,0,0
0,19566360,0,0
0,6422874009,0,0
0,630739709,0,0
0,560360,0,0
0,1899104209,0,0
0,3058140,0,0
0,157639009,0,1
0,3542005909,0,0
0,12733360,0,0
0,8023351119,0,0
0,2358343609,0,0
0,13748140,0,0
0,9008719709,0,0
0,7721721005,0,0
0,655966809,0,0
0,5631427003,0,0
0,9211333003,0,1
0,5239654709,0,1
0,3056579709,0,0
0,3580897019,0,1
0,417184003,0,0
0,4187570,0,0
0,356228809,0,0
0,1214671003,0,0
0,6129486003,0,0
0,1479498309,0,0
0,8881556909,0,0
0,8738999909,0,0
0,5117462709,0,1
0,11617050,0,0
0,588744509,0,0
0,7525185019,0,0
0,9760997019,0,0
0,2511959709,0,0
0,9693650007,0,1
0,9229453004,0,0
0,7704626003,0,0
0,5217280,0,0
0,1646930,0,0
0,18663890,0,0
0,18434660,0,0
0,6240003119,0,0
0,4376075007,0,0
0,1709281709,0,0
0,3939646809,0,1
0,9175253709,0,0
0,8353648809,0,0
0,2379749109,0,0
0,3867310001,0,0
0,1919871309,0,0
0,230907609,0,0
0,19457490,0,0
0,3555924809,0,0
0,2535012004,0,0
0,297171003,0,0
0,15981290,0,0
0,5522846003,0,0
0,2919035809,0,0
0,4741231007,0,0
0,7704751109,0,0
0,7533710809,0,0
0,2795710002,0,0
0,5653591109,0,0
0,6224310309,0,0
0,19827780,0,0
0,8594470019,0,0
0,10179290,0,0
0,14358470,0,1
0,5439175909,0,0
0,4737570909,0,0
0,2034378509,0,0
0,6910819019,0,1
0,6189553019,0,0
0,4863977609,0,0
0,3531610209,0,0
0,9223903309,0,0
0,1146549009,0,0
0,936463809,0,0
0,8138546109,0,0
0,857075019,0,0
0,21258060,0,1
0,20256260,0,0
0,3198173809,0,1
0,799566509,0,1
0,4518280409,0,0
0,4501285309,0,0
0,12890560,0,0
0,294303409,0,0
0,5834105009,0,0
0,2364941004,0,0
0,7958814019,0,0
0,760235309,0,0
0,6191225509,0,0
0,7369280309,0,0
0,19841610,0,1
0,39492609,0,1
0,279410003,0,0
0,1651195119,0,0
0,4127646409,0,1
0,7958554009,0,0
0,7980637109,0,0
0,20722230,0,0
0,563689019,0,0
0,2927217709,0,0
0,16725260,0,0
0,11637190,0,0
0,5354737809,0,0
0,18759630,0,0
0,553871509,0,0
0,5351936509,0,0
0,4774337019,0,0
0,4969974909,0,0
0,8072049409,0,0
0,734020009,0,1
0,472580109,0,0
0,4189720,0,1
0,2818342509,0,0
0,8905028309,0,0
0,2701091709,0,0
0,669267009,0,0
0,628572009,0,0
0,6915952004,0,0
0,849177809,0,0
0,7854715009,0,0
0,8654930309,0,0
0,9136185019,0,0
0,191360809,0,0
0,18640600,0,0
0,4016240,0,0
0,2386600007,0,0
0,8501666609,0,1
0,7809685019,0,0
0,1673180003,0,0
0,4138870,0,0
0,1672770,0,0
0,7579803209,0,0
0,810427909,0,1
0,324514019,0,1
0,3741230,0,0
0,9194761007,0,0
0,882132004,0,0
0,15185040,0,1
0,21219580,0,0
0,53730009,0,1
0,8120740,0,1
0,5137362509,0,1
0,9101767709,0,0
0,5689242004,0,0
0,6193237509,0,0
0,304300019,0,0
0,3658910007,0,1
0,2181542809,0,0
0,9455584003,0,0
0,3953260109,0,0
0,3967054007,0,1
0,2746909,0,0
0,1113508909,0,0
0,3516270,0,0
0,3932541909,0,1
0,1413254209,0,0
0,758329709,0,0
0,18643310,0,0
0,3443002109,0,0
0,8523059609,0,0
0,3068650006,0,1
0,6673943509,0,0
0,20474540,0,0
0,3248491509,0,0
0,5494710,0,0
0,12021510,0,0
0,9657338809,0,0
0,5114910,0,0
0,5706946909,0,0
0,1340367909,0,0
0,505311709,0,0
0,5916555909,0,0
0,7561649609,0,0
0,7306974909,0,1
0,3882784809,0,1
0,5481583109,0,0
0,9629684809,0,0
0,2529570,0,0
0,1002814009,0,0
0,629256509,0,0
0,4802730,0,0
0,8344100002,0,0
0,2087408809,0,1
0,1922050119,0,0
0,16704230,0,0
0,7877870004,0,0
0,9477734509,0,0
0,5516629709,0,0
0,5742461909,0,0
0,3825170009,0,0
0,3433605609,0,1
0,6218746007,0,0
0,4123062109,0,0
0,8328469609,0,0
0,7026210,0,0
0,15325790,0,0
0,749292809,0,0
0,5766520,0,1
0,2836891309,0,1
0,8771045004,0,0
0,615882709,0,0
0,690092007,0,1
