,Contract_ID,Site_Name,specialist_site_type_code,actual_13_full,actual_26_full,actual_26_path,actual_26_wrkast,actual_52_full,actual_52_path,exPer_13_full,exPer_26_full,exPer_26_path,exPer_26_wrkast,exPer_52_full,exPer_52_path,52_full_avg,52_path_avg,26_wrkast_avg,26_full_avg,26_path_avg,13_full_avg,13_full,26_full,26_path,26_wrkast,26_comb,52_full,52_path,52_comb,26_comb_avg,52_comb_avg
0,0212789F,AimBig Employment PROSPECT,MENH,66.66666666666666,61.53846153846154,0.0,0.5,33.33333333333333,0.5,3.0,1.8571428571428572,5.0,0.5,0.9,0.5,33.0,0.0,0.0,62.0,0.0,3.999999999999993,0.3333333333333333,4.0,0.0,0.0,0.5161290322580645,2.0,0.0,0.25806451612903225,1.24,0.256
1,0212790K,AimBig Employment PROSPECT,MUSK,75.0,100.0,0.5,0.5,100.0,0.5,4.0,1.0,0.5,0.5,0.5,0.5,100.0,0.0,0.0,100.0,0.0,3.999999999999993,0.3333333333333333,12.0,0.0,0.0,1.5483870967741935,12.0,0.0,1.5483870967741935,2.0,0.8
2,0212791K,AimBig Employment MILE END,MENH,61.53846153846154,66.66666666666666,25.0,0.5,25.0,0.5,2.1666666666666665,1.125,4.0,0.5,0.5,0.5,25.0,0.0,0.0,67.0,25.0,3.999999999999993,0.6666666666666666,7.0,0.0,0.0,0.9032258064516129,3.0,0.0,0.3870967741935484,1.84,0.192
3,0212791K,AimBig Employment Pty Ltd. SEATON,MENH,66.66666666666666,100.0,100.0,0.5,0.5,0.5,3.0,1.0,1.0,0.5,0.5,0.5,0.0,0.0,0.0,100.0,100.0,3.999999999999993,0.3333333333333333,12.0,0.0,0.0,1.5483870967741935,0.0,0.0,0.0,4.0,0.0
4,0212793B,AimBig Employment BURLEIGH HEADS,MENH,63.63636363636363,57.14285714285714,0.0,0.5,0.0,0.5,1.5714285714285714,1.75,3.0,0.5,1.0,0.5,0.0,0.0,0.0,57.0,0.0,3.999999999999993,1.0,4.0,0.0,0.0,0.5161290322580645,0.0,0.0,0.0,1.1400000000000001,0.0
5,0212793B,AimBig Employment NERANG,MENH,75.0,100.0,0.5,0.5,100.0,0.5,2.0,1.5,0.5,0.5,0.3333333333333333,0.5,100.0,0.0,0.0,100.0,0.0,3.999999999999993,0.6666666666666666,8.0,0.0,0.0,1.032258064516129,19.0,0.0,2.4516129032258065,2.0,0.8
6,0212793B,AimBig Employment SOUTHPORT,MENH,60.0,100.0,0.5,0.5,0.5,0.5,5.0,1.0,0.5,0.5,0.5,0.5,0.0,0.0,0.0,100.0,0.0,3.999999999999993,0.3333333333333333,12.0,0.0,0.0,1.5483870967741935,0.0,0.0,0.0,2.0,0.0
7,0212793B,AimBig Employment SURFERS PARADISE,MENH,62.5,33.33333333333333,0.0,0.5,33.33333333333333,0.5,2.6666666666666665,1.0,0.5,0.5,1.0,0.5,33.0,0.0,0.0,33.0,0.0,3.999999999999993,0.3333333333333333,4.0,0.0,0.0,0.5161290322580645,2.0,0.0,0.25806451612903225,0.66,0.256
8,0212795D,AimBig Employment CHERMSIDE,AALL,37.5,37.5,0.0,0.5,16.666666666666664,0.5,8.0,4.0,0.5,0.5,2.0,0.5,17.0,0.0,0.0,38.0,0.0,3.999999999999993,0.0,1.0,0.0,0.0,0.12903225806451613,1.0,0.0,0.12903225806451613,0.76,0.128
9,0212795D,AimBig Employment FORTITUDE VALLEY,AALL,40.0,50.0,0.0,0.5,0.0,0.5,5.0,2.0,0.5,0.5,0.5,0.5,0.0,0.0,0.0,50.0,0.0,3.999999999999993,0.0,3.0,0.0,0.0,0.3870967741935484,0.0,0.0,0.0,1.0,0.0
10,0212795D,AimBig Employment MITCHELTON,AALL,72.72727272727273,80.0,0.0,0.5,75.0,0.5,2.75,1.0,0.5,0.5,0.5714285714285714,0.5,75.0,0.0,0.0,80.0,0.0,3.999999999999993,0.6666666666666666,10.0,0.0,0.0,1.2903225806451613,8.0,0.0,1.032258064516129,1.6,0.608
11,0212795D,AimBig Employment NORTH LAKES,AALL,50.0,66.66666666666666,0.0,0.5,40.0,0.5,4.666666666666667,3.0,2.0,0.5,1.25,0.5,40.0,0.0,0.0,67.0,0.0,3.999999999999993,0.3333333333333333,3.0,0.0,0.0,0.3870967741935484,2.0,0.0,0.25806451612903225,1.34,0.32
12,0212795D,AimBig Employment STRATHPINE,AALL,66.66666666666666,100.0,0.5,0.5,0.5,0.5,1.5,0.5,0.5,0.5,0.5,0.5,0.0,0.0,0.0,100.0,0.0,3.999999999999993,1.0,24.0,0.0,0.0,3.096774193548387,0.0,0.0,0.0,2.0,0.0
13,0212795D,AimBig Employment TOOWONG,AALL,76.47058823529412,66.66666666666666,0.0,0.5,20.0,0.5,1.8888888888888888,2.25,0.5,0.5,1.0,0.5,20.0,0.0,0.0,67.0,0.0,3.999999999999993,1.0,4.0,0.0,0.0,0.5161290322580645,1.0,0.0,0.12903225806451613,1.34,0.16
14,0212796E,AimBig Employment CAPALABA,MENH,0.5,0.5,0.5,0.5,0.5,0.5,0.5,0.5,0.5,0.5,0.5,0.5,0.0,0.0,0.0,0.0,0.0,3.999999999999993,0.0,0.0,0.0,0.0,0.0,0.0,0.0,0.0,0.0,0.0
15,0212796E,AimBig Employment INALA,MENH,53.84615384615385,0.0,0.0,0.5,0.0,0.5,6.5,0.5,2.5,0.5,1.0,0.5,0.0,0.0,0.0,0.0,0.0,3.999999999999993,0.3333333333333333,0.0,0.0,0.0,0.0,0.0,0.0,0.0,0.0,0.0
16,0212796E,AimBig Employment UPPER MOUNT GRAVATT,MENH,66.66666666666666,100.0,0.5,0.5,0.5,0.5,6.0,1.5,0.5,0.5,0.5,0.5,0.0,0.0,0.0,100.0,0.0,3.999999999999993,0.3333333333333333,8.0,0.0,0.0,1.032258064516129,0.0,0.0,0.0,2.0,0.0
17,0212796E,AimBig Employment WOOLLOONGABBA,MENH,37.5,20.0,0.0,0.5,0.0,0.5,8.0,1.6666666666666667,0.5,0.5,1.0,0.5,0.0,0.0,0.0,20.0,0.0,3.999999999999993,0.0,1.0,0.0,0.0,0.12903225806451613,0.0,0.0,0.0,0.4,0.0
18,0212798G,AimBig Employment CAIRNS CITY,MENH,80.0,85.71428571428571,50.0,0.5,33.33333333333333,0.5,2.0,3.5,2.0,0.5,1.0,0.5,33.0,0.0,0.0,86.0,50.0,3.999999999999993,0.6666666666666666,3.0,0.0,0.0,0.3870967741935484,2.0,0.0,0.25806451612903225,2.72,0.256
19,0212799H,AimBig Employment CAIRNS CITY,MUSK,75.0,100.0,0.5,0.5,66.66666666666666,0.5,1.3333333333333333,1.0,0.5,0.5,1.0,0.5,67.0,0.0,0.0,100.0,0.0,3.999999999999993,1.3333333333333333,12.0,0.0,0.0,1.5483870967741935,4.0,0.0,0.5161290322580645,2.0,0.544
20,0212800G,AimBig Employment ROCKHAMPTON CITY,MENH,66.66666666666666,100.0,0.5,0.5,0.5,0.5,3.0,1.0,0.5,0.5,0.5,0.5,0.0,0.0,0.0,100.0,0.0,3.999999999999993,0.3333333333333333,12.0,0.0,0.0,1.5483870967741935,0.0,0.0,0.0,2.0,0.0
21,0212801H,AimBig Employment ROCKHAMPTON CITY,MUSK,40.0,0.0,0.0,0.5,0.0,0.5,2.5,0.5,0.5,0.5,0.5,0.5,0.0,0.0,0.0,0.0,0.0,3.999999999999993,0.3333333333333333,0.0,0.0,0.0,0.0,0.0,0.0,0.0,0.0,0.0
22,0212802J,AimBig Employment MACKAY,MENH,66.66666666666666,100.0,0.5,0.5,0.5,0.5,1.5,0.5,0.5,0.5,0.5,0.5,0.0,0.0,0.0,100.0,0.0,3.999999999999993,1.0,24.0,0.0,0.0,3.096774193548387,0.0,0.0,0.0,2.0,0.0
23,0212803K,AimBig Employment MACKAY,MUSK,60.0,0.0,0.0,0.5,0.0,0.5,2.5,1.0,0.5,0.5,1.0,0.5,0.0,0.0,0.0,0.0,0.0,3.999999999999993,0.6666666666666666,0.0,0.0,0.0,0.0,0.0,0.0,0.0,0.0,0.0
24,0212804K,AimBig Employment AITKENVALE,MENH,50.0,60.0,0.0,0.5,50.0,0.5,2.5,1.6666666666666667,2.0,0.5,2.0,0.5,50.0,0.0,0.0,60.0,0.0,3.999999999999993,0.3333333333333333,4.0,0.0,0.0,0.5161290322580645,2.0,0.0,0.25806451612903225,1.2,0.384
25,0212805A,AimBig Employment AITKENVALE,MUSK,100.0,60.0,0.0,0.5,50.0,0.5,2.5,1.25,0.5,0.5,1.3333333333333333,0.5,50.0,0.0,0.0,60.0,0.0,3.999999999999993,0.6666666666666666,6.0,0.0,0.0,0.7741935483870968,2.0,0.0,0.25806451612903225,1.2,0.384
26,0212810J,AimBig Employment BUNBURY,MENH,0.0,0.5,0.5,0.5,0.5,0.5,1.0,0.5,0.5,0.5,0.5,0.5,0.0,0.0,0.0,0.0,0.0,3.999999999999993,0.0,0.0,0.0,0.0,0.0,0.0,0.0,0.0,0.0,0.0
27,0212811K,AimBig Employment BUNBURY,MUSK,0.5,0.5,0.5,0.5,0.5,0.5,0.5,0.5,0.5,0.5,0.5,0.5,0.0,0.0,0.0,0.0,0.0,3.999999999999993,0.0,0.0,0.0,0.0,0.0,0.0,0.0,0.0,0.0,0.0
28,0212812K,AimBig Employment ETTALONG BEACH,AALL,42.857142857142854,50.0,50.0,0.5,0.0,0.5,2.3333333333333335,0.6666666666666666,2.0,0.5,0.5,0.5,0.0,0.0,0.0,50.0,50.0,3.999999999999993,0.3333333333333333,9.0,0.0,0.0,1.161290322580645,0.0,0.0,0.0,2.0,0.0
29,0212812K,AimBig Employment GOSFORD,AALL,0.5,0.5,0.5,0.5,0.5,0.5,0.5,0.5,0.5,0.5,0.5,0.5,0.0,0.0,0.0,0.0,0.0,3.999999999999993,0.0,0.0,0.0,0.0,0.0,0.0,0.0,0.0,0.0,0.0
30,0212812K,AimBig Employment KANWAL,AALL,66.66666666666666,62.5,0.0,0.5,50.0,0.5,2.25,2.6666666666666665,0.5,0.5,1.3333333333333333,0.5,50.0,0.0,0.0,63.0,0.0,3.999999999999993,0.6666666666666666,3.0,0.0,0.0,0.3870967741935484,2.0,0.0,0.25806451612903225,1.26,0.384
31,0212812K,AimBig Employment THE ENTRANCE,AALL,100.0,100.0,0.5,0.5,0.5,0.5,2.0,0.5,0.5,0.5,0.5,0.5,0.0,0.0,0.0,100.0,0.0,3.999999999999993,1.0,24.0,0.0,0.0,3.096774193548387,0.0,0.0,0.0,2.0,0.0
32,0212812K,AimBig Employment WOY WOY,AALL,85.71428571428571,100.0,0.5,0.5,100.0,0.5,3.5,2.5,0.5,0.5,0.5,0.5,100.0,0.0,0.0,100.0,0.0,3.999999999999993,0.6666666666666666,5.0,0.0,0.0,0.6451612903225806,12.0,0.0,1.5483870967741935,2.0,0.8
33,0212812K,AimBig Employment WYONG,AALL,100.0,100.0,0.5,0.5,0.5,0.5,0.5,0.5,0.5,0.5,0.5,0.5,0.0,0.0,0.0,100.0,0.0,3.999999999999993,4.0,24.0,0.0,0.0,3.096774193548387,0.0,0.0,0.0,2.0,0.0
34,0212813A,AimBig Employment CESSNOCK,AALL,75.0,66.66666666666666,0.0,0.5,50.0,0.5,1.6,2.0,2.0,0.5,0.6666666666666666,0.5,50.0,0.0,0.0,67.0,0.0,3.999999999999993,1.0,4.0,0.0,0.0,0.5161290322580645,5.0,0.0,0.6451612903225806,1.34,0.384
35,0212813A,AimBig Employment MAITLAND,AALL,44.44444444444444,33.33333333333333,33.33333333333333,0.5,0.0,0.5,1.8,1.0,3.0,0.5,2.0,0.5,0.0,0.0,0.0,33.0,33.0,3.999999999999993,0.6666666666666666,4.0,0.0,0.0,0.5161290322580645,0.0,0.0,0.0,1.32,0.0
36,0212814B,AimBig Employment GUNNEDAH,AALL,0.0,0.5,0.5,0.5,0.5,0.5,0.5,0.5,0.5,0.5,0.5,0.5,0.0,0.0,0.0,0.0,0.0,3.999999999999993,0.0,0.0,0.0,0.0,0.0,0.0,0.0,0.0,0.0,0.0
37,0212814B,AimBig Employment TAMWORTH,AALL,42.857142857142854,25.0,0.0,0.5,0.0,0.5,4.666666666666667,2.6666666666666665,6.0,0.5,2.0,0.5,0.0,0.0,0.0,25.0,0.0,3.999999999999993,0.3333333333333333,1.0,0.0,0.0,0.12903225806451613,0.0,0.0,0.0,0.5,0.0
38,0212815C,AimBig Employment BROADMEADOW,AALL,75.0,100.0,0.5,0.5,0.5,0.5,2.6666666666666665,0.75,0.5,0.5,0.5,0.5,0.0,0.0,0.0,100.0,0.0,3.999999999999993,0.6666666666666666,16.0,0.0,0.0,2.064516129032258,0.0,0.0,0.0,2.0,0.0
39,0212815C,AimBig Employment CHARLESTOWN,AALL,66.66666666666666,100.0,0.5,0.5,0.5,0.5,3.0,1.0,0.5,0.5,0.5,0.5,0.0,0.0,0.0,100.0,0.0,3.999999999999993,0.3333333333333333,12.0,0.0,0.0,1.5483870967741935,0.0,0.0,0.0,2.0,0.0
40,0212816D,AimBig Employment SINGLETON,AALL,80.0,100.0,0.5,0.5,100.0,0.5,0.5,1.0,0.5,0.5,0.5,0.5,100.0,0.0,0.0,100.0,0.0,3.999999999999993,3.333333333333333,12.0,0.0,0.0,1.5483870967741935,12.0,0.0,1.5483870967741935,2.0,0.8
41,0212817E,AimBig Employment BROADMEADOWS,AALL,50.0,66.66666666666666,0.0,0.5,40.0,0.5,4.0,4.5,0.5,0.5,1.0,0.5,40.0,0.0,0.0,67.0,0.0,3.999999999999993,0.3333333333333333,2.0,0.0,0.0,0.25806451612903225,2.0,0.0,0.25806451612903225,1.34,0.32
42,0212817E,AimBig Employment CRAIGIEBURN,AALL,68.75,80.0,0.0,0.5,50.0,0.5,4.0,2.0,2.0,0.5,0.2,0.5,50.0,0.0,0.0,80.0,0.0,3.999999999999993,0.3333333333333333,5.0,0.0,0.0,0.6451612903225806,16.0,0.0,2.064516129032258,1.6,0.384
43,0212817E,AimBig Employment GLENROY,AALL,57.14285714285714,50.0,0.0,0.5,0.0,0.5,7.0,1.0,0.5,0.5,1.0,0.5,0.0,0.0,0.0,50.0,0.0,3.999999999999993,0.3333333333333333,6.0,0.0,0.0,0.7741935483870968,0.0,0.0,0.0,1.0,0.0
44,0212817E,AimBig Employment MOONEE PONDS,AALL,30.76923076923077,28.57142857142857,9.090909090909092,0.5,30.76923076923077,0.5,3.25,3.5,5.5,0.5,1.0833333333333333,0.5,31.0,0.0,0.0,29.0,9.0,3.999999999999993,0.3333333333333333,1.0,0.0,0.0,0.12903225806451613,2.0,0.0,0.25806451612903225,0.76,0.256
45,0212817E,AimBig Employment Pty Ltd SUNBURY,AALL,100.0,0.5,0.5,0.5,0.5,0.5,2.0,0.5,0.5,0.5,0.5,0.5,0.0,0.0,0.0,0.0,0.0,3.999999999999993,1.0,0.0,0.0,0.0,0.0,0.0,0.0,0.0,0.0,0.0
46,0212818F,AimBig Employment FRANKSTON,MENH,35.294117647058826,44.44444444444444,16.666666666666664,0.5,28.57142857142857,0.5,5.666666666666667,1.2857142857142858,6.0,0.5,1.1666666666666667,0.5,29.0,0.0,0.0,44.0,17.0,3.999999999999993,0.0,4.0,0.0,0.0,0.5161290322580645,2.0,0.0,0.25806451612903225,1.22,0.224
47,0212818F,AimBig Employment Pty Ltd CAPEL SOUND,MENH,0.0,0.0,0.0,0.5,0.0,0.5,0.5,0.5,0.5,0.5,0.5,0.5,0.0,0.0,0.0,0.0,0.0,3.999999999999993,0.0,0.0,0.0,0.0,0.0,0.0,0.0,0.0,0.0,0.0
48,0212818F,AimBig Employment Pty Ltd MORNINGTON,MENH,0.5,0.5,0.5,0.5,0.5,0.5,0.5,0.5,0.5,0.5,0.5,0.5,0.0,0.0,0.0,0.0,0.0,3.999999999999993,0.0,0.0,0.0,0.0,0.0,0.0,0.0,0.0,0.0,0.0
49,0212819G,AimBig Employment FRANKSTON,MUSK,50.0,66.66666666666666,50.0,0.5,75.0,0.5,2.0,1.0,0.5,0.5,1.3333333333333333,0.5,75.0,0.0,0.0,67.0,50.0,3.999999999999993,0.6666666666666666,8.0,0.0,0.0,1.032258064516129,4.0,0.0,0.5161290322580645,2.34,0.608
50,0212819G,AimBig Employment Pty Ltd MORNINGTON,MUSK,0.5,0.5,0.5,0.5,0.5,0.5,0.5,0.5,0.5,0.5,0.5,0.5,0.0,0.0,0.0,0.0,0.0,3.999999999999993,0.0,0.0,0.0,0.0,0.0,0.0,0.0,0.0,0.0,0.0
51,0212820K,AimBig Employment EPPING,MENH,56.25,66.66666666666666,25.0,0.5,60.0,0.5,2.2857142857142856,1.125,4.0,0.5,0.8333333333333334,0.5,60.0,0.0,0.0,67.0,25.0,3.999999999999993,0.6666666666666666,7.0,0.0,0.0,0.9032258064516129,4.0,0.0,0.5161290322580645,1.84,0.48
52,0212820K,AimBig Employment HEIDELBERG,MENH,75.0,75.0,0.0,0.5,33.33333333333333,0.5,2.0,1.0,0.5,0.5,0.75,0.5,33.0,0.0,0.0,75.0,0.0,3.999999999999993,0.6666666666666666,9.0,0.0,0.0,1.161290322580645,3.0,0.0,0.3870967741935484,1.5,0.256
53,0212820K,AimBig Employment Pty Ltd PRESTON,MENH,100.0,0.5,0.5,0.5,0.5,0.5,0.5,0.5,0.5,0.5,0.5,0.5,0.0,0.0,0.0,0.0,0.0,3.999999999999993,4.0,0.0,0.0,0.0,0.0,0.0,0.0,0.0,0.0,0.0
54,0212820K,AimBig Employment Pty Ltd RESERVOIR,MENH,80.0,100.0,0.5,0.5,100.0,0.5,1.25,2.0,0.5,0.5,0.5,0.5,100.0,0.0,0.0,100.0,0.0,3.999999999999993,1.3333333333333333,6.0,0.0,0.0,0.7741935483870968,12.0,0.0,1.5483870967741935,2.0,0.8
55,0212820K,AimBig Employment Pty Ltd THOMASTOWN,MENH,50.0,0.0,0.0,0.5,0.0,0.5,2.0,0.5,0.5,0.5,1.0,0.5,0.0,0.0,0.0,0.0,0.0,3.999999999999993,0.6666666666666666,0.0,0.0,0.0,0.0,0.0,0.0,0.0,0.0,0.0
56,0212821A,AimBig Employment EPPING,MUSK,50.0,66.66666666666666,0.0,0.5,100.0,0.5,2.6666666666666665,3.0,1.0,0.5,0.3333333333333333,0.5,100.0,0.0,0.0,67.0,0.0,3.999999999999993,0.3333333333333333,3.0,0.0,0.0,0.3870967741935484,19.0,0.0,2.4516129032258065,1.34,0.8
57,0212821A,AimBig Employment HEIDELBERG,MUSK,0.0,0.5,0.5,0.5,0.5,0.5,0.5,0.5,0.5,0.5,0.5,0.5,0.0,0.0,0.0,0.0,0.0,3.999999999999993,0.0,0.0,0.0,0.0,0.0,0.0,0.0,0.0,0.0,0.0
58,0212821A,AimBig Employment Pty Ltd PRESTON,MUSK,0.0,0.5,0.5,0.5,0.5,0.5,0.5,0.5,0.5,0.5,0.5,0.5,0.0,0.0,0.0,0.0,0.0,3.999999999999993,0.0,0.0,0.0,0.0,0.0,0.0,0.0,0.0,0.0,0.0
59,0212821A,AimBig Employment Pty Ltd RESERVOIR,MUSK,50.0,50.0,0.0,0.5,0.0,0.5,6.0,2.0,0.5,0.5,0.5,0.5,0.0,0.0,0.0,50.0,0.0,3.999999999999993,0.3333333333333333,3.0,0.0,0.0,0.3870967741935484,0.0,0.0,0.0,1.0,0.0
60,0212821A,AimBig Employment Pty Ltd THOMASTOWN,MUSK,0.0,0.5,0.5,0.5,0.5,0.5,0.5,0.5,0.5,0.5,0.5,0.5,0.0,0.0,0.0,0.0,0.0,3.999999999999993,0.0,0.0,0.0,0.0,0.0,0.0,0.0,0.0,0.0,0.0
61,0212822B,AimBig Employment NEWPORT,MENH,71.42857142857143,60.0,0.0,0.5,0.0,0.5,3.5,1.25,0.5,0.5,0.5,0.5,0.0,0.0,0.0,60.0,0.0,3.999999999999993,0.3333333333333333,6.0,0.0,0.0,0.7741935483870968,0.0,0.0,0.0,1.2,0.0
62,0212822B,AimBig Employment Pty Ltd BACCHUS MARSH,MENH,100.0,0.5,0.5,0.5,0.5,0.5,2.0,0.5,0.5,0.5,0.5,0.5,0.0,0.0,0.0,0.0,0.0,3.999999999999993,1.0,0.0,0.0,0.0,0.0,0.0,0.0,0.0,0.0,0.0
63,0212822B,AimBig Employment Pty Ltd HOPPERS CROSSING,MENH,66.66666666666666,0.5,0.5,0.5,0.5,0.5,0.5,0.5,0.5,0.5,0.5,0.5,0.0,0.0,0.0,0.0,0.0,3.999999999999993,2.6666666666666665,0.0,0.0,0.0,0.0,0.0,0.0,0.0,0.0,0.0
64,0212822B,AimBig Employment Pty Ltd MELTON,MENH,100.0,0.0,0.0,0.5,0.0,0.5,0.5,0.5,0.5,0.5,0.5,0.5,0.0,0.0,0.0,0.0,0.0,3.999999999999993,4.0,0.0,0.0,0.0,0.0,0.0,0.0,0.0,0.0,0.0
65,0212822B,AimBig Employment Pty Ltd ST ALBANS,MENH,46.15384615384615,42.857142857142854,0.0,0.5,20.0,0.5,2.6,1.75,0.5,0.5,1.6666666666666667,0.5,20.0,0.0,0.0,43.0,0.0,3.999999999999993,0.3333333333333333,3.0,0.0,0.0,0.3870967741935484,1.0,0.0,0.12903225806451613,0.86,0.16
66,0212822B,AimBig Employment SUNSHINE,MENH,57.14285714285714,50.0,0.0,0.5,50.0,0.5,2.3333333333333335,1.3333333333333333,0.5,0.5,0.6666666666666666,0.5,50.0,0.0,0.0,50.0,0.0,3.999999999999993,0.6666666666666666,5.0,0.0,0.0,0.6451612903225806,5.0,0.0,0.6451612903225806,1.0,0.384
67,0212822B,AimBig Employment TAYLORS LAKES,MENH,66.66666666666666,100.0,0.5,0.5,0.5,0.5,3.0,1.0,0.5,0.5,0.5,0.5,0.0,0.0,0.0,100.0,0.0,3.999999999999993,0.3333333333333333,12.0,0.0,0.0,1.5483870967741935,0.0,0.0,0.0,2.0,0.0
68,0212822B,AimBig Employment WERRIBEE,MENH,33.33333333333333,14.285714285714285,0.0,0.5,16.666666666666664,0.5,3.0,0.5,6.0,0.5,1.5,0.5,17.0,0.0,0.0,14.0,0.0,3.999999999999993,0.3333333333333333,3.0,0.0,0.0,0.3870967741935484,1.0,0.0,0.12903225806451613,0.28,0.128
69,0212823C,AimBig Employment NEWPORT,MUSK,50.0,75.0,50.0,0.5,50.0,0.5,3.0,1.3333333333333333,2.0,0.5,2.0,0.5,50.0,0.0,0.0,75.0,50.0,3.999999999999993,0.3333333333333333,7.0,0.0,0.0,0.9032258064516129,2.0,0.0,0.25806451612903225,2.5,0.384
70,0212823C,AimBig Employment Pty Ltd HOPPERS CROSSING,MUSK,0.5,0.5,0.5,0.5,0.5,0.5,0.5,0.5,0.5,0.5,0.5,0.5,0.0,0.0,0.0,0.0,0.0,3.999999999999993,0.0,0.0,0.0,0.0,0.0,0.0,0.0,0.0,0.0,0.0
71,0212823C,AimBig Employment Pty Ltd MELTON,MUSK,42.857142857142854,40.0,0.0,0.5,0.0,0.5,3.5,2.5,3.0,0.5,0.6666666666666666,0.5,0.0,0.0,0.0,40.0,0.0,3.999999999999993,0.3333333333333333,2.0,0.0,0.0,0.25806451612903225,0.0,0.0,0.0,0.8,0.0
72,0212823C,AimBig Employment Pty Ltd ST ALBANS,MUSK,100.0,100.0,0.5,0.5,0.5,0.5,3.0,0.5,0.5,0.5,0.5,0.5,0.0,0.0,0.0,100.0,0.0,3.999999999999993,0.6666666666666666,24.0,0.0,0.0,3.096774193548387,0.0,0.0,0.0,2.0,0.0
73,0212823C,AimBig Employment SUNSHINE,MUSK,66.66666666666666,66.66666666666666,0.0,0.5,66.66666666666666,0.5,1.5,0.75,0.5,0.5,0.75,0.5,67.0,0.0,0.0,67.0,0.0,3.999999999999993,1.0,11.0,0.0,0.0,1.4193548387096775,6.0,0.0,0.7741935483870968,1.34,0.544
74,0212823C,AimBig Employment TAYLORS LAKES,MUSK,70.58823529411765,72.72727272727273,25.0,0.5,25.0,0.5,8.5,3.6666666666666665,0.5,0.5,0.5714285714285714,0.5,25.0,0.0,0.0,73.0,25.0,3.999999999999993,0.3333333333333333,2.0,0.0,0.0,0.25806451612903225,3.0,0.0,0.3870967741935484,1.96,0.192
75,0212823C,AimBig Employment WERRIBEE,MUSK,55.55555555555556,62.5,0.0,0.5,50.0,100.0,1.8,2.0,0.5,0.5,2.0,2.0,50.0,100.0,0.0,63.0,0.0,3.999999999999993,0.6666666666666666,4.0,0.0,0.0,0.5161290322580645,2.0,0.0,0.25806451612903225,1.26,3.584
76,0212825E,AimBig Employment MELBOURNE,MUSK,91.66666666666666,80.0,0.0,0.5,40.0,0.5,1.3333333333333333,2.5,2.0,0.5,0.7142857142857143,0.5,40.0,0.0,0.0,80.0,0.0,3.999999999999993,1.3333333333333333,4.0,0.0,0.0,0.5161290322580645,4.0,0.0,0.5161290322580645,1.6,0.32
77,0212826F,AimBig Employment COFFS HARBOUR,AALL,53.84615384615385,57.14285714285714,0.0,0.5,25.0,0.5,2.1666666666666665,3.5,1.5,0.5,1.0,0.5,25.0,0.0,0.0,57.0,0.0,3.999999999999993,0.6666666666666666,2.0,0.0,0.0,0.25806451612903225,2.0,0.0,0.25806451612903225,1.1400000000000001,0.192
78,0212826F,AimBig Employment NAMBUCCA HEADS,AALL,50.0,50.0,0.0,0.5,0.0,0.5,2.0,0.5,0.5,0.5,0.5,0.5,0.0,0.0,0.0,50.0,0.0,3.999999999999993,0.6666666666666666,12.0,0.0,0.0,1.5483870967741935,0.0,0.0,0.0,1.0,0.0
79,0212828H,AimBig Employment GLEN INNES,AALL,66.66666666666666,66.66666666666666,0.0,0.5,0.0,0.5,3.0,0.5,1.0,0.5,0.5,0.5,0.0,0.0,0.0,67.0,0.0,3.999999999999993,0.3333333333333333,16.0,0.0,0.0,2.064516129032258,0.0,0.0,0.0,1.34,0.0
80,0212828H,AimBig Employment INVERELL,AALL,71.42857142857143,100.0,0.5,0.5,100.0,0.5,1.4,1.5,0.5,0.5,0.2,0.5,100.0,0.0,0.0,100.0,0.0,3.999999999999993,1.0,8.0,0.0,0.0,1.032258064516129,31.0,0.0,4.0,2.0,0.8
81,0212828H,AimBig Employment Pty Ltd. ARMIDALE,AALL,0.5,0.5,0.5,0.5,0.5,0.5,0.5,0.5,0.5,0.5,0.5,0.5,0.0,0.0,0.0,0.0,0.0,3.999999999999993,0.0,0.0,0.0,0.0,0.0,0.0,0.0,0.0,0.0,0.0
82,0212829J,AimBig Employment CASINO,AALL,50.0,40.0,0.0,0.5,0.0,0.5,4.0,1.6666666666666667,0.5,0.5,0.75,0.5,0.0,0.0,0.0,40.0,0.0,3.999999999999993,0.3333333333333333,3.0,0.0,0.0,0.3870967741935484,0.0,0.0,0.0,0.8,0.0
83,0212829J,AimBig Employment LISMORE,AALL,40.0,25.0,0.0,0.5,0.0,0.5,2.5,4.0,3.0,0.5,3.0,0.5,0.0,0.0,0.0,25.0,0.0,3.999999999999993,0.3333333333333333,1.0,0.0,0.0,0.12903225806451613,0.0,0.0,0.0,0.5,0.0
84,0212830B,AimBig Employment BERRIMAH,AALL,0.0,0.5,0.5,0.5,0.5,0.5,0.5,0.5,0.5,0.5,0.5,0.5,0.0,0.0,0.0,0.0,0.0,3.999999999999993,0.0,0.0,0.0,0.0,0.0,0.0,0.0,0.0,0.0,0.0
85,0212830B,AimBig Employment CASUARINA,AALL,0.5,0.5,0.5,0.5,0.5,0.5,0.5,0.5,0.5,0.5,0.5,0.5,0.0,0.0,0.0,0.0,0.0,3.999999999999993,0.0,0.0,0.0,0.0,0.0,0.0,0.0,0.0,0.0,0.0
86,0212830B,AimBig Employment DARWIN CITY,AALL,0.5,0.5,0.5,0.5,0.5,0.5,0.5,0.5,0.5,0.5,0.5,0.5,0.0,0.0,0.0,0.0,0.0,3.999999999999993,0.0,0.0,0.0,0.0,0.0,0.0,0.0,0.0,0.0,0.0
87,0212831C,AimBig Employment ROCKINGHAM,MENH,69.23076923076923,60.0,0.0,0.5,50.0,0.5,2.1666666666666665,1.25,2.0,0.5,0.8,0.5,50.0,0.0,0.0,60.0,0.0,3.999999999999993,0.6666666666666666,6.0,0.0,0.0,0.7741935483870968,4.0,0.0,0.5161290322580645,1.2,0.384
88,0212832D,AimBig Employment ROCKINGHAM,MUSK,30.0,14.285714285714285,0.0,0.5,0.0,0.5,10.0,2.3333333333333335,3.0,0.5,2.0,0.5,0.0,0.0,0.0,14.0,0.0,3.999999999999993,0.0,1.0,0.0,0.0,0.12903225806451613,0.0,0.0,0.0,0.28,0.0
89,0212833E,AimBig Employment JOONDALUP,MENH,50.0,66.66666666666666,0.0,0.5,0.0,0.5,0.5,0.5,0.5,0.5,0.5,0.5,0.0,0.0,0.0,67.0,0.0,3.999999999999993,2.0,16.0,0.0,0.0,2.064516129032258,0.0,0.0,0.0,1.34,0.0
90,0212833E,AimBig Employment OSBORNE PARK,MENH,100.0,100.0,0.5,0.5,0.5,0.5,2.5,1.0,0.5,0.5,0.5,0.5,0.0,0.0,0.0,100.0,0.0,3.999999999999993,0.6666666666666666,12.0,0.0,0.0,1.5483870967741935,0.0,0.0,0.0,2.0,0.0
91,0212836H,AimBig Employment DEAKIN,MUSK,0.0,0.5,0.5,0.5,0.5,0.5,0.5,0.5,0.5,0.5,0.5,0.5,0.0,0.0,0.0,0.0,0.0,3.999999999999993,0.0,0.0,0.0,0.0,0.0,0.0,0.0,0.0,0.0,0.0
92,0212836H,AimBig Employment PHILLIP,MUSK,100.0,0.5,0.5,0.5,0.5,0.5,1.0,0.5,0.5,0.5,0.5,0.5,0.0,0.0,0.0,0.0,0.0,3.999999999999993,2.0,0.0,0.0,0.0,0.0,0.0,0.0,0.0,0.0,0.0
93,0212838K,AimBig Employment CHINCHILLA,AALL,50.0,0.0,50.0,0.5,50.0,0.5,2.0,0.5,1.0,0.5,0.5,0.5,50.0,0.0,0.0,0.0,50.0,3.999999999999993,0.6666666666666666,0.0,0.0,0.0,0.0,6.0,0.0,0.7741935483870968,1.0,0.384
94,0212838K,AimBig Employment DALBY,AALL,83.33333333333334,100.0,100.0,0.5,100.0,0.5,6.0,0.4,0.5,0.5,0.25,0.5,100.0,0.0,0.0,100.0,100.0,3.999999999999993,0.3333333333333333,31.0,0.0,0.0,4.0,25.0,0.0,3.225806451612903,4.0,0.8
95,0212838K,AimBig Employment MILES,AALL,25.0,33.33333333333333,0.0,0.5,0.0,0.5,4.0,3.0,0.5,0.5,0.5,0.5,0.0,0.0,0.0,33.0,0.0,3.999999999999993,0.0,1.0,0.0,0.0,0.12903225806451613,0.0,0.0,0.0,0.66,0.0
96,0212838K,AimBig Employment ROMA,AALL,100.0,100.0,0.5,0.5,0.5,0.5,3.0,2.0,0.5,0.5,0.5,0.5,0.0,0.0,0.0,100.0,0.0,3.999999999999993,0.6666666666666666,6.0,0.0,0.0,0.7741935483870968,0.0,0.0,0.0,2.0,0.0
97,0212839K,AimBig Employment BANKSTOWN,MENH,64.28571428571429,68.42105263157895,0.0,0.5,20.0,0.5,2.5454545454545454,1.7272727272727273,2.0,0.5,0.8333333333333334,0.5,20.0,0.0,0.0,68.0,0.0,3.999999999999993,0.6666666666666666,5.0,0.0,0.0,0.6451612903225806,2.0,0.0,0.25806451612903225,1.36,0.16
98,0212839K,AimBig Employment CAMPSIE,MENH,60.0,100.0,0.5,0.5,0.5,0.5,1.25,5.0,0.5,0.5,0.5,0.5,0.0,0.0,0.0,100.0,0.0,3.999999999999993,1.0,2.0,0.0,0.0,0.25806451612903225,0.0,0.0,0.0,2.0,0.0
99,0212840D,AimBig Employment BANKSTOWN,MUSK,66.66666666666666,50.0,0.0,0.5,33.33333333333333,0.5,1.8,2.0,0.5,0.5,1.0,0.5,33.0,0.0,0.0,50.0,0.0,3.999999999999993,0.6666666666666666,3.0,0.0,0.0,0.3870967741935484,2.0,0.0,0.25806451612903225,1.0,0.256
100,0212840D,AimBig Employment CAMPSIE,MUSK,50.0,100.0,0.5,0.5,100.0,0.5,0.5,2.0,0.5,0.5,1.0,0.5,100.0,0.0,0.0,100.0,0.0,3.999999999999993,2.0,6.0,0.0,0.0,0.7741935483870968,6.0,0.0,0.7741935483870968,2.0,0.8
101,0212841E,AimBig Employment AUBURN,AALL,63.1578947368421,50.0,0.0,0.5,0.0,0.5,2.111111111111111,1.0,3.0,0.5,0.4,0.5,0.0,0.0,0.0,50.0,0.0,3.999999999999993,0.6666666666666666,6.0,0.0,0.0,0.7741935483870968,0.0,0.0,0.0,1.0,0.0
102,0212841E,AimBig Employment BAULKHAM HILLS,AALL,100.0,50.0,0.0,0.5,50.0,0.5,2.0,2.0,0.5,0.5,2.0,0.5,50.0,0.0,0.0,50.0,0.0,3.999999999999993,1.0,3.0,0.0,0.0,0.3870967741935484,2.0,0.0,0.25806451612903225,1.0,0.384
103,0212841E,AimBig Employment HORNSBY,AALL,66.66666666666666,80.0,0.0,0.5,50.0,0.5,1.5,1.25,0.5,0.5,0.5,0.5,50.0,0.0,0.0,80.0,0.0,3.999999999999993,1.0,8.0,0.0,0.0,1.032258064516129,6.0,0.0,0.7741935483870968,1.6,0.384
104,0212841E,AimBig Employment MERRYLANDS,AALL,0.5,0.5,0.5,0.5,0.5,0.5,0.5,0.5,0.5,0.5,0.5,0.5,0.0,0.0,0.0,0.0,0.0,3.999999999999993,0.0,0.0,0.0,0.0,0.0,0.0,0.0,0.0,0.0,0.0
105,0212841E,AimBig Employment PARRAMATTA,AALL,50.0,75.0,0.0,0.5,50.0,0.5,1.6,4.0,1.0,0.5,0.5,0.5,50.0,0.0,0.0,75.0,0.0,3.999999999999993,0.6666666666666666,2.0,0.0,0.0,0.25806451612903225,6.0,0.0,0.7741935483870968,1.5,0.384
106,0212843G,AimBig Employment BONDI JUNCTION,MUSK,66.66666666666666,50.0,0.0,0.5,0.0,0.5,3.0,2.0,0.5,0.5,1.0,0.5,0.0,0.0,0.0,50.0,0.0,3.999999999999993,0.3333333333333333,3.0,0.0,0.0,0.3870967741935484,0.0,0.0,0.0,1.0,0.0
107,0212844H,AimBig Employment CABRAMATTA,AALL,67.64705882352942,73.91304347826086,0.0,0.5,0.0,0.5,2.8333333333333335,3.2857142857142856,2.0,0.5,0.6666666666666666,0.5,0.0,0.0,0.0,74.0,0.0,3.999999999999993,0.3333333333333333,3.0,0.0,0.0,0.3870967741935484,0.0,0.0,0.0,1.48,0.0
108,0212844H,AimBig Employment FAIRFIELD,AALL,54.166666666666664,41.17647058823529,0.0,0.5,12.5,0.5,3.0,2.4285714285714284,10.0,0.5,2.0,0.5,12.0,0.0,0.0,41.0,0.0,3.999999999999993,0.3333333333333333,2.0,0.0,0.0,0.25806451612903225,0.0,0.0,0.0,0.8200000000000001,0.096
109,0212845J,AimBig Employment DARLINGHURST,AALL,85.71428571428571,50.0,0.0,0.5,33.33333333333333,0.5,0.5,2.0,2.0,0.5,3.0,0.5,33.0,0.0,0.0,50.0,0.0,3.999999999999993,3.6666666666666665,3.0,0.0,0.0,0.3870967741935484,1.0,0.0,0.12903225806451613,1.0,0.256
110,0212845J,AimBig Employment LEICHHARDT,AALL,62.5,73.33333333333333,0.0,0.5,37.5,0.5,2.4,1.875,2.0,0.5,0.8,0.5,38.0,0.0,0.0,73.0,0.0,3.999999999999993,0.6666666666666666,5.0,0.0,0.0,0.6451612903225806,3.0,0.0,0.3870967741935484,1.46,0.32
111,0212845J,AimBig Employment MARRICKVILLE,AALL,81.81818181818183,100.0,0.5,0.5,100.0,0.5,5.5,4.0,0.5,0.5,0.3333333333333333,0.5,100.0,0.0,0.0,100.0,0.0,3.999999999999993,0.3333333333333333,3.0,0.0,0.0,0.3870967741935484,19.0,0.0,2.4516129032258065,2.0,0.8
112,0212845J,AimBig Employment SURRY HILLS,AALL,90.47619047619048,88.88888888888889,0.0,0.5,33.33333333333333,0.5,2.3333333333333335,1.125,0.5,0.5,0.6,0.5,33.0,0.0,0.0,89.0,0.0,3.999999999999993,0.6666666666666666,10.0,0.0,0.0,1.2903225806451613,3.0,0.0,0.3870967741935484,1.78,0.256
113,0212845J,AimBig Employment SYDNEY,AALL,60.0,50.0,0.0,0.5,0.0,0.5,1.6666666666666667,2.0,2.0,0.5,0.3333333333333333,0.5,0.0,0.0,0.0,50.0,0.0,3.999999999999993,0.6666666666666666,3.0,0.0,0.0,0.3870967741935484,0.0,0.0,0.0,1.0,0.0
114,0212846K,AimBig Employment BURWOOD,MENH,64.28571428571429,81.81818181818183,0.0,0.5,33.33333333333333,0.5,2.8,1.8333333333333333,0.5,0.5,1.0,0.5,33.0,0.0,0.0,82.0,0.0,3.999999999999993,0.3333333333333333,5.0,0.0,0.0,0.6451612903225806,2.0,0.0,0.25806451612903225,1.6400000000000001,0.256
115,0212847K,AimBig Employment BURWOOD,MUSK,85.71428571428571,100.0,0.5,0.5,0.5,0.5,1.75,0.5,0.5,0.5,0.5,0.5,0.0,0.0,0.0,100.0,0.0,3.999999999999993,1.0,24.0,0.0,0.0,3.096774193548387,0.0,0.0,0.0,2.0,0.0
116,0212848A,AimBig Employment LIVERPOOL,AALL,50.0,30.0,0.0,0.5,0.0,0.5,3.0,2.5,3.5,0.5,1.0,0.5,0.0,0.0,0.0,30.0,0.0,3.999999999999993,0.3333333333333333,1.0,0.0,0.0,0.12903225806451613,0.0,0.0,0.0,0.6,0.0
117,0212849B,AimBig Employment CAMPBELLTOWN,AALL,57.692307692307686,55.55555555555556,0.0,0.5,10.0,0.5,1.7333333333333334,1.8,2.0,0.5,0.8333333333333334,0.5,10.0,0.0,0.0,56.0,0.0,3.999999999999993,0.6666666666666666,4.0,0.0,0.0,0.5161290322580645,1.0,0.0,0.12903225806451613,1.12,0.064
118,0212849B,AimBig Employment INGLEBURN,AALL,33.33333333333333,33.33333333333333,0.0,0.5,0.0,0.5,1.2,3.0,0.5,0.5,1.0,0.5,0.0,0.0,0.0,33.0,0.0,3.999999999999993,0.6666666666666666,1.0,0.0,0.0,0.12903225806451613,0.0,0.0,0.0,0.66,0.0
119,0212850F,AimBig Employment PENRITH,AALL,60.86956521739131,63.63636363636363,0.0,0.5,20.0,0.5,3.2857142857142856,5.5,4.0,0.5,0.625,0.5,20.0,0.0,0.0,64.0,0.0,3.999999999999993,0.3333333333333333,1.0,0.0,0.0,0.12903225806451613,2.0,0.0,0.25806451612903225,1.28,0.16
120,0212850F,Aimbig Employment RICHMOND,AALL,100.0,0.5,0.5,0.5,0.5,0.5,1.0,0.5,0.5,0.5,0.5,0.5,0.0,0.0,0.0,0.0,0.0,3.999999999999993,2.0,0.0,0.0,0.0,0.0,0.0,0.0,0.0,0.0,0.0
121,0212850F,Aimbig Employment WINDSOR,AALL,0.5,0.5,0.5,0.5,0.5,0.5,0.5,0.5,0.5,0.5,0.5,0.5,0.0,0.0,0.0,0.0,0.0,3.999999999999993,0.0,0.0,0.0,0.0,0.0,0.0,0.0,0.0,0.0,0.0
122,0212853J,AimBig Employment BLACKTOWN,MENH,0.0,0.0,0.0,0.5,0.0,0.5,1.5,0.3333333333333333,0.5,0.5,0.5,0.5,0.0,0.0,0.0,0.0,0.0,3.999999999999993,0.0,0.0,0.0,0.0,0.0,0.0,0.0,0.0,0.0,0.0
123,0212853J,AimBig Employment MOUNT DRUITT,MENH,57.14285714285714,100.0,0.5,0.5,50.0,0.5,2.3333333333333335,0.75,0.5,0.5,0.6666666666666666,0.5,50.0,0.0,0.0,100.0,0.0,3.999999999999993,0.6666666666666666,16.0,0.0,0.0,2.064516129032258,5.0,0.0,0.6451612903225806,2.0,0.384
124,0212854K,AimBig Employment BLACKTOWN,MUSK,100.0,100.0,0.5,0.5,0.5,0.5,0.5,0.5,0.5,0.5,0.5,0.5,0.0,0.0,0.0,100.0,0.0,3.999999999999993,4.0,24.0,0.0,0.0,3.096774193548387,0.0,0.0,0.0,2.0,0.0
125,0212854K,AimBig Employment MOUNT DRUITT,MUSK,66.66666666666666,0.5,100.0,0.5,0.5,0.5,3.0,0.5,1.0,0.5,0.5,0.5,0.0,0.0,0.0,0.0,100.0,3.999999999999993,0.3333333333333333,0.0,0.0,0.0,0.0,0.0,0.0,0.0,2.0,0.0
126,0212855K,AimBig Employment HURSTVILLE,AALL,80.0,60.0,0.0,0.5,33.33333333333333,0.5,1.6666666666666667,1.6666666666666667,0.5,0.5,1.0,0.5,33.0,0.0,0.0,60.0,0.0,3.999999999999993,1.0,4.0,0.0,0.0,0.5161290322580645,2.0,0.0,0.25806451612903225,1.2,0.256
127,0212855K,AimBig Employment MIRANDA,AALL,66.66666666666666,0.0,0.0,0.5,0.0,0.5,0.5,2.0,0.5,0.5,0.5,0.5,0.0,0.0,0.0,0.0,0.0,3.999999999999993,2.6666666666666665,0.0,0.0,0.0,0.0,0.0,0.0,0.0,0.0,0.0
128,0212855K,AimBig Employment ROCKDALE,AALL,50.0,0.0,0.0,0.5,0.0,0.5,6.0,1.0,0.5,0.5,0.5,0.5,0.0,0.0,0.0,0.0,0.0,3.999999999999993,0.3333333333333333,0.0,0.0,0.0,0.0,0.0,0.0,0.0,0.0,0.0
129,0212857B,AimBig Employment WOLLONGONG,MUSK,20.0,0.0,0.0,0.5,0.0,0.5,0.5,1.5,0.5,0.5,3.0,0.5,0.0,0.0,0.0,0.0,0.0,3.999999999999993,0.6666666666666666,0.0,0.0,0.0,0.0,0.0,0.0,0.0,0.0,0.0
130,0212858C,AimBig Employment BENDIGO,AALL,100.0,100.0,0.5,0.5,100.0,0.5,1.25,2.0,0.5,0.5,0.6666666666666666,0.5,100.0,0.0,0.0,100.0,0.0,3.999999999999993,1.6666666666666665,6.0,0.0,0.0,0.7741935483870968,9.0,0.0,1.161290322580645,2.0,0.8
131,0212858C,AimBig Employment MARYBOROUGH,AALL,100.0,50.0,0.0,0.5,0.0,100.0,2.0,0.5,0.5,0.5,1.0,1.0,0.0,100.0,0.0,50.0,0.0,3.999999999999993,1.0,12.0,0.0,0.0,1.5483870967741935,0.0,0.0,0.0,1.0,3.2
132,0212859D,AimBig Employment BALLARAT CENTRAL,MENH,66.66666666666666,66.66666666666666,0.0,0.5,50.0,0.5,1.0,1.0,0.5,0.5,1.0,0.5,50.0,0.0,0.0,67.0,0.0,3.999999999999993,1.3333333333333333,8.0,0.0,0.0,1.032258064516129,3.0,0.0,0.3870967741935484,1.34,0.384
133,0212860H,AimBig Employment BALLARAT CENTRAL,MUSK,100.0,0.5,0.5,0.5,0.5,0.5,0.5,0.5,0.5,0.5,0.5,0.5,0.0,0.0,0.0,0.0,0.0,3.999999999999993,4.0,0.0,0.0,0.0,0.0,0.0,0.0,0.0,0.0,0.0
134,0212861J,AimBig Employment GLENORCHY,AALL,25.0,16.666666666666664,0.0,0.5,16.666666666666664,0.5,4.0,0.5,0.5,0.5,2.0,0.5,17.0,0.0,0.0,17.0,0.0,3.999999999999993,0.0,4.0,0.0,0.0,0.5161290322580645,1.0,0.0,0.12903225806451613,0.34,0.128
135,0212861J,AimBig Employment HOBART,AALL,60.0,100.0,0.5,0.5,100.0,0.5,5.0,0.5,0.5,0.5,0.5,0.5,100.0,0.0,0.0,100.0,0.0,3.999999999999993,0.3333333333333333,24.0,0.0,0.0,3.096774193548387,12.0,0.0,1.5483870967741935,2.0,0.8
136,0212861J,AimBig Employment HUONVILLE,AALL,0.5,0.5,0.5,0.5,0.5,0.5,0.5,0.5,0.5,0.5,0.5,0.5,0.0,0.0,0.0,0.0,0.0,3.999999999999993,0.0,0.0,0.0,0.0,0.0,0.0,0.0,0.0,0.0,0.0
137,0212861J,AimBig Employment ROSNY PARK,AALL,0.0,0.0,0.0,0.5,0.0,0.5,0.5,0.5,0.5,0.5,1.0,0.5,0.0,0.0,0.0,0.0,0.0,3.999999999999993,0.0,0.0,0.0,0.0,0.0,0.0,0.0,0.0,0.0,0.0
138,0212862K,AimBig Employment CORIO,AALL,50.0,25.0,25.0,0.5,40.0,0.5,5.0,0.6666666666666666,4.0,0.5,1.0,0.5,40.0,0.0,0.0,25.0,25.0,3.999999999999993,0.3333333333333333,5.0,0.0,0.0,0.6451612903225806,2.0,0.0,0.25806451612903225,1.0,0.32
139,0212862K,AimBig Employment Pty Ltd GEELONG,AALL,0.0,0.0,0.0,0.5,0.0,0.5,0.5,1.0,0.5,0.5,0.5,0.5,0.0,0.0,0.0,0.0,0.0,3.999999999999993,0.0,0.0,0.0,0.0,0.0,0.0,0.0,0.0,0.0,0.0
140,0212863K,AimBig Employment WARRNAMBOOL,MENH,40.0,50.0,0.0,0.5,0.0,0.5,1.6666666666666667,4.0,0.5,0.5,1.0,0.5,0.0,0.0,0.0,50.0,0.0,3.999999999999993,0.6666666666666666,2.0,0.0,0.0,0.25806451612903225,0.0,0.0,0.0,1.0,0.0
141,0212864A,AimBig Employment WARRNAMBOOL,MUSK,50.0,50.0,50.0,0.5,0.0,0.5,4.0,2.0,2.0,0.5,1.0,0.5,0.0,0.0,0.0,50.0,50.0,3.999999999999993,0.3333333333333333,3.0,0.0,0.0,0.3870967741935484,0.0,0.0,0.0,2.0,0.0
142,0212866C,AimBig Employment MILDURA,MENH,0.0,0.5,0.5,0.5,0.5,0.5,0.5,0.5,0.5,0.5,0.5,0.5,0.0,0.0,0.0,0.0,0.0,3.999999999999993,0.0,0.0,0.0,0.0,0.0,0.0,0.0,0.0,0.0,0.0
143,0212867D,AimBig Employment MILDURA,MUSK,0.5,0.5,0.5,0.5,0.5,0.5,0.5,0.5,0.5,0.5,0.5,0.5,0.0,0.0,0.0,0.0,0.0,3.999999999999993,0.0,0.0,0.0,0.0,0.0,0.0,0.0,0.0,0.0,0.0
144,0212868E,AimBig Employment DEVONPORT,MENH,100.0,100.0,0.5,0.5,0.5,0.5,2.0,0.5,0.5,0.5,0.5,0.5,0.0,0.0,0.0,100.0,0.0,3.999999999999993,1.0,24.0,0.0,0.0,3.096774193548387,0.0,0.0,0.0,2.0,0.0
145,0212869F,AimBig Employment DEVONPORT,MUSK,0.5,0.5,0.5,0.5,0.5,0.5,0.5,0.5,0.5,0.5,0.5,0.5,0.0,0.0,0.0,0.0,0.0,3.999999999999993,0.0,0.0,0.0,0.0,0.0,0.0,0.0,0.0,0.0,0.0
146,0212870K,AimBig Employment DUBBO,MENH,0.0,0.5,0.5,0.5,0.5,0.5,1.0,0.5,0.5,0.5,0.5,0.5,0.0,0.0,0.0,0.0,0.0,3.999999999999993,0.0,0.0,0.0,0.0,0.0,0.0,0.0,0.0,0.0,0.0
147,0212871K,AimBig Employment DUBBO,MUSK,0.0,0.0,0.0,0.5,0.0,0.5,0.5,0.5,0.5,0.5,1.0,0.5,0.0,0.0,0.0,0.0,0.0,3.999999999999993,0.0,0.0,0.0,0.0,0.0,0.0,0.0,0.0,0.0,0.0
148,0212872A,AimBig Employment ORANGE,MENH,0.0,0.5,0.5,0.5,0.5,0.5,2.0,0.5,0.5,0.5,0.5,0.5,0.0,0.0,0.0,0.0,0.0,3.999999999999993,0.0,0.0,0.0,0.0,0.0,0.0,0.0,0.0,0.0,0.0
149,0212873B,AimBig Employment ORANGE,MUSK,0.0,0.0,0.0,0.5,0.0,0.5,0.5,0.5,0.5,0.5,0.5,0.5,0.0,0.0,0.0,0.0,0.0,3.999999999999993,0.0,0.0,0.0,0.0,0.0,0.0,0.0,0.0,0.0,0.0
150,0212875D,AimBig Employment CALOUNDRA,MUSK,60.0,100.0,0.5,0.5,100.0,100.0,2.5,1.0,0.5,0.5,0.5,1.0,100.0,100.0,0.0,100.0,0.0,3.999999999999993,0.6666666666666666,12.0,0.0,0.0,1.5483870967741935,12.0,0.0,1.5483870967741935,2.0,4.0
151,0212879H,AimBig Employment CHERMSIDE,AALL,57.14285714285714,20.0,0.0,0.5,20.0,0.5,2.3333333333333335,5.0,0.5,0.5,2.5,0.5,20.0,0.0,0.0,20.0,0.0,0.0,0.6666666666666666,0.0,0.0,0.0,0.0,0.0,0.0,0.0,0.4,0.16
152,0212879H,AimBig Employment FORTITUDE VALLEY,AALL,40.0,50.0,0.0,0.5,0.0,0.5,2.5,0.5,0.5,0.5,1.0,0.5,0.0,0.0,0.0,50.0,0.0,0.0,0.3333333333333333,12.0,0.0,0.0,1.5483870967741935,0.0,0.0,0.0,1.0,0.0
153,0212879H,AimBig Employment MITCHELTON,AALL,71.42857142857143,80.0,0.0,0.5,50.0,0.5,1.4,2.5,1.0,0.5,1.0,0.5,50.0,0.0,0.0,80.0,0.0,0.0,1.0,4.0,0.0,0.0,0.5161290322580645,3.0,0.0,0.3870967741935484,1.6,0.384
154,0212879H,AimBig Employment NORTH LAKES,AALL,60.0,57.14285714285714,0.0,0.5,40.0,0.5,3.75,1.4,3.0,0.5,1.0,0.5,40.0,0.0,0.0,57.0,0.0,0.0,0.3333333333333333,5.0,0.0,0.0,0.6451612903225806,2.0,0.0,0.25806451612903225,1.1400000000000001,0.32
155,0212879H,AimBig Employment STRATHPINE,AALL,0.5,0.5,0.5,0.5,0.5,0.5,0.5,0.5,0.5,0.5,0.5,0.5,0.0,0.0,0.0,0.0,0.0,0.0,0.0,0.0,0.0,0.0,0.0,0.0,0.0,0.0,0.0,0.0
156,0212879H,AimBig Employment TOOWONG,AALL,66.66666666666666,75.0,0.0,0.5,20.0,0.5,2.5,2.4,0.5,0.5,1.25,0.5,20.0,0.0,0.0,75.0,0.0,0.0,0.6666666666666666,4.0,0.0,0.0,0.5161290322580645,1.0,0.0,0.12903225806451613,1.5,0.16
157,0212881B,AimBig Employment ETTALONG BEACH,AALL,60.0,62.5,0.0,0.5,20.0,0.5,5.0,2.6666666666666665,0.5,0.5,1.25,0.5,20.0,0.0,0.0,63.0,0.0,0.0,0.3333333333333333,3.0,0.0,0.0,0.3870967741935484,1.0,0.0,0.12903225806451613,1.26,0.16
158,0212881B,AimBig Employment GOSFORD,AALL,33.33333333333333,0.5,0.5,0.5,0.5,0.5,1.5,0.5,0.5,0.5,0.5,0.5,0.0,0.0,0.0,0.0,0.0,0.0,0.3333333333333333,0.0,0.0,0.0,0.0,0.0,0.0,0.0,0.0,0.0
159,0212881B,AimBig Employment KANWAL,AALL,65.0,60.0,20.0,0.5,0.0,0.5,3.3333333333333335,1.1111111111111112,2.5,0.5,0.7142857142857143,0.5,0.0,0.0,0.0,60.0,20.0,0.0,0.3333333333333333,7.0,0.0,0.0,0.9032258064516129,0.0,0.0,0.0,1.6,0.0
160,0212881B,AimBig Employment THE ENTRANCE,AALL,50.0,66.66666666666666,0.0,0.5,0.0,0.5,2.0,3.0,0.5,0.5,0.5,0.5,0.0,0.0,0.0,67.0,0.0,0.0,0.6666666666666666,3.0,0.0,0.0,0.3870967741935484,0.0,0.0,0.0,1.34,0.0
161,0212881B,AimBig Employment WOY WOY,AALL,70.0,66.66666666666666,0.0,0.5,33.33333333333333,0.5,2.5,2.0,0.5,0.5,0.75,0.5,33.0,0.0,0.0,67.0,0.0,0.0,0.6666666666666666,4.0,0.0,0.0,0.5161290322580645,3.0,0.0,0.3870967741935484,1.34,0.256
162,0212881B,AimBig Employment WYONG,AALL,60.0,100.0,0.5,0.5,100.0,0.5,1.25,2.0,0.5,0.5,0.5,0.5,100.0,0.0,0.0,100.0,0.0,0.0,1.0,6.0,0.0,0.0,0.7741935483870968,12.0,0.0,1.5483870967741935,2.0,0.8
163,0212882C,AimBig Employment CESSNOCK,AALL,80.0,83.33333333333334,0.0,0.5,50.0,0.5,3.3333333333333335,0.5,0.5,0.5,4.0,0.5,50.0,0.0,0.0,83.0,0.0,0.0,0.6666666666666666,20.0,0.0,0.0,2.5806451612903225,1.0,0.0,0.12903225806451613,1.6600000000000001,0.384
164,0212882C,AimBig Employment MAITLAND,AALL,47.05882352941176,50.0,0.0,0.5,50.0,0.5,2.8333333333333335,1.5,0.5,0.5,0.6666666666666666,0.5,50.0,0.0,0.0,50.0,0.0,0.0,0.3333333333333333,4.0,0.0,0.0,0.5161290322580645,5.0,0.0,0.6451612903225806,1.0,0.384
165,0212884E,AimBig Employment BROADMEADOW,AALL,50.0,54.54545454545454,0.0,0.5,28.57142857142857,0.5,2.5714285714285716,2.75,2.5,0.5,1.75,0.5,29.0,0.0,0.0,55.0,0.0,0.0,0.3333333333333333,2.0,0.0,0.0,0.25806451612903225,1.0,0.0,0.12903225806451613,1.1,0.224
166,0212884E,AimBig Employment CHARLESTOWN,AALL,66.66666666666666,50.0,0.0,0.5,0.0,0.5,3.0,0.5,0.5,0.5,0.5,0.5,0.0,0.0,0.0,50.0,0.0,0.0,0.3333333333333333,12.0,0.0,0.0,1.5483870967741935,0.0,0.0,0.0,1.0,0.0
167,0212886G,AimBig Employment BROADMEADOWS,AALL,53.333333333333336,55.55555555555556,20.0,0.5,33.33333333333333,0.5,3.0,3.0,2.5,0.5,1.0,0.5,33.0,0.0,0.0,56.0,20.0,0.0,0.3333333333333333,2.0,0.0,0.0,0.25806451612903225,2.0,0.0,0.25806451612903225,1.52,0.256
168,0212886G,AimBig Employment CRAIGIEBURN,AALL,53.333333333333336,62.5,0.0,0.5,40.0,0.5,2.5,1.6,1.5,0.5,1.6666666666666667,0.5,40.0,0.0,0.0,63.0,0.0,0.0,0.3333333333333333,5.0,0.0,0.0,0.6451612903225806,2.0,0.0,0.25806451612903225,1.26,0.32
169,0212886G,AimBig Employment GLENROY,AALL,100.0,100.0,0.5,0.5,0.5,0.5,1.3333333333333333,1.0,0.5,0.5,0.5,0.5,0.0,0.0,0.0,100.0,0.0,0.0,1.6666666666666665,12.0,0.0,0.0,1.5483870967741935,0.0,0.0,0.0,2.0,0.0
170,0212886G,AimBig Employment MOONEE PONDS,AALL,60.0,60.71428571428571,0.0,0.5,25.0,0.5,2.3333333333333335,2.3333333333333335,2.75,0.5,1.7777777777777777,0.5,25.0,0.0,0.0,61.0,0.0,0.0,0.6666666666666666,3.0,0.0,0.0,0.3870967741935484,1.0,0.0,0.12903225806451613,1.22,0.192
171,0212886G,AimBig Employment Pty Ltd SUNBURY,AALL,0.5,0.5,0.5,0.5,0.5,0.5,0.5,0.5,0.5,0.5,0.5,0.5,0.0,0.0,0.0,0.0,0.0,0.0,0.0,0.0,0.0,0.0,0.0,0.0,0.0,0.0,0.0,0.0
172,0212889K,AimBig Employment GLEN INNES,AALL,75.0,63.63636363636363,0.0,0.5,16.666666666666664,0.5,1.7777777777777777,1.375,2.0,0.5,0.8571428571428571,0.5,17.0,0.0,0.0,64.0,0.0,0.0,1.0,6.0,0.0,0.0,0.7741935483870968,1.0,0.0,0.12903225806451613,1.28,0.128
173,0212889K,AimBig Employment INVERELL,AALL,62.5,100.0,0.5,0.5,50.0,0.5,1.3333333333333333,0.42857142857142855,0.5,0.5,0.5,0.5,50.0,0.0,0.0,100.0,0.0,0.0,1.0,29.0,0.0,0.0,3.7419354838709675,6.0,0.0,0.7741935483870968,2.0,0.384
174,0212889K,AimBig Employment Pty Ltd. ARMIDALE,AALL,50.0,50.0,0.0,0.5,0.0,0.5,2.0,0.5,0.5,0.5,0.5,0.5,0.0,0.0,0.0,50.0,0.0,0.0,0.6666666666666666,12.0,0.0,0.0,1.5483870967741935,0.0,0.0,0.0,1.0,0.0
175,0212891D,AimBig Employment BERRIMAH,AALL,100.0,100.0,0.5,0.5,0.5,0.5,0.5,0.5,0.5,0.5,0.5,0.5,0.0,0.0,0.0,100.0,0.0,0.0,4.0,24.0,0.0,0.0,3.096774193548387,0.0,0.0,0.0,2.0,0.0
176,0212891D,AimBig Employment CASUARINA,AALL,100.0,100.0,0.5,0.5,0.5,0.5,1.5,0.5,0.5,0.5,0.5,0.5,0.0,0.0,0.0,100.0,0.0,0.0,1.3333333333333333,24.0,0.0,0.0,3.096774193548387,0.0,0.0,0.0,2.0,0.0
177,0212891D,AimBig Employment DARWIN CITY,AALL,100.0,100.0,0.5,0.5,0.5,0.5,1.0,1.0,0.5,0.5,0.5,0.5,0.0,0.0,0.0,100.0,0.0,0.0,2.0,12.0,0.0,0.0,1.5483870967741935,0.0,0.0,0.0,2.0,0.0
178,0212893F,Aimbig Employment LAUNCESTON,AALL,66.66666666666666,50.0,0.0,0.5,50.0,0.5,1.5,2.0,0.5,0.5,1.0,0.5,50.0,0.0,0.0,50.0,0.0,0.0,1.0,3.0,0.0,0.0,0.3870967741935484,3.0,0.0,0.3870967741935484,1.0,0.384
179,0212894G,AimBig Employment BENDIGO,AALL,66.66666666666666,100.0,0.5,0.5,100.0,0.5,2.0,1.6666666666666667,0.5,0.5,2.0,0.5,100.0,0.0,0.0,100.0,0.0,0.0,0.6666666666666666,7.0,0.0,0.0,0.9032258064516129,3.0,0.0,0.3870967741935484,2.0,0.8
180,0212894G,AimBig Employment MARYBOROUGH,AALL,0.5,0.5,0.5,0.5,0.5,0.5,0.5,0.5,0.5,0.5,0.5,0.5,0.0,0.0,0.0,0.0,0.0,0.0,0.0,0.0,0.0,0.0,0.0,0.0,0.0,0.0,0.0,0.0
181,0212895H,AimBig Employment CORIO,AALL,50.0,100.0,0.5,0.5,100.0,0.5,0.5,3.0,0.5,0.5,0.6666666666666666,0.5,100.0,0.0,0.0,100.0,0.0,0.0,2.0,4.0,0.0,0.0,0.5161290322580645,9.0,0.0,1.161290322580645,2.0,0.8
182,0212895H,AimBig Employment Pty Ltd GEELONG,AALL,33.33333333333333,0.0,0.0,0.5,0.0,0.5,3.0,0.5,0.5,0.5,2.0,0.5,0.0,0.0,0.0,0.0,0.0,0.0,0.3333333333333333,0.0,0.0,0.0,0.0,0.0,0.0,0.0,0.0,0.0
183,0212897K,AimBig Employment CHINCHILLA,AALL,75.0,66.66666666666666,0.0,0.5,100.0,0.5,1.3333333333333333,1.5,0.5,0.5,1.0,0.5,100.0,0.0,0.0,67.0,0.0,0.0,1.3333333333333333,5.0,0.0,0.0,0.6451612903225806,6.0,0.0,0.7741935483870968,1.34,0.8
184,0212897K,AimBig Employment DALBY,AALL,50.0,50.0,0.0,0.5,0.0,0.5,6.0,4.0,0.5,0.5,1.0,0.5,0.0,0.0,0.0,50.0,0.0,0.0,0.3333333333333333,2.0,0.0,0.0,0.25806451612903225,0.0,0.0,0.0,1.0,0.0
185,0212897K,AimBig Employment MILES,AALL,0.0,0.5,100.0,0.5,0.0,0.5,0.5,0.5,1.0,0.5,0.5,0.5,0.0,0.0,0.0,0.0,100.0,0.0,0.0,0.0,0.0,0.0,0.0,0.0,0.0,0.0,2.0,0.0
186,0212897K,AimBig Employment ROMA,AALL,75.0,100.0,0.5,0.5,0.5,0.5,2.0,2.0,0.5,0.5,0.5,0.5,0.0,0.0,0.0,100.0,0.0,0.0,0.6666666666666666,6.0,0.0,0.0,0.7741935483870968,0.0,0.0,0.0,2.0,0.0
187,0212898K,AimBig Employment AUBURN,AALL,66.66666666666666,71.42857142857143,0.0,0.5,50.0,0.5,3.0,2.3333333333333335,2.0,0.5,0.6666666666666666,0.5,50.0,0.0,0.0,71.0,0.0,0.0,0.3333333333333333,4.0,0.0,0.0,0.5161290322580645,5.0,0.0,0.6451612903225806,1.42,0.384
188,0212898K,AimBig Employment BAULKHAM HILLS,AALL,83.33333333333334,77.77777777777779,0.0,0.5,66.66666666666666,0.5,2.25,3.0,0.5,0.5,0.75,0.5,67.0,0.0,0.0,78.0,0.0,0.0,0.6666666666666666,3.0,0.0,0.0,0.3870967741935484,6.0,0.0,0.7741935483870968,1.56,0.544
189,0212898K,AimBig Employment HORNSBY,AALL,40.0,25.0,0.0,0.5,0.0,0.5,2.5,1.3333333333333333,0.5,0.5,1.0,0.5,0.0,0.0,0.0,25.0,0.0,0.0,0.3333333333333333,2.0,0.0,0.0,0.25806451612903225,0.0,0.0,0.0,0.5,0.0
190,0212898K,AimBig Employment MERRYLANDS,AALL,100.0,0.5,0.5,0.5,0.5,0.5,0.5,0.5,0.5,0.5,0.5,0.5,0.0,0.0,0.0,0.0,0.0,0.0,4.0,0.0,0.0,0.0,0.0,0.0,0.0,0.0,0.0,0.0
191,0212898K,AimBig Employment PARRAMATTA,AALL,71.42857142857143,80.0,0.0,0.5,50.0,0.5,2.3333333333333335,5.0,0.5,0.5,2.0,0.5,50.0,0.0,0.0,80.0,0.0,0.0,0.6666666666666666,2.0,0.0,0.0,0.25806451612903225,2.0,0.0,0.25806451612903225,1.6,0.384
192,0212899A,AimBig Employment CABRAMATTA,AALL,41.17647058823529,11.11111111111111,0.0,0.5,0.0,0.5,2.4285714285714284,9.0,2.6666666666666665,0.5,1.0,0.5,0.0,0.0,0.0,11.0,0.0,0.0,0.3333333333333333,0.0,0.0,0.0,0.0,0.0,0.0,0.0,0.22,0.0
193,0212899A,AimBig Employment FAIRFIELD,AALL,63.1578947368421,71.42857142857143,0.0,0.5,0.0,0.5,2.375,7.0,4.0,0.5,3.0,0.5,0.0,0.0,0.0,71.0,0.0,0.0,0.6666666666666666,1.0,0.0,0.0,0.12903225806451613,0.0,0.0,0.0,1.42,0.0
194,0212900K,AimBig Employment DARLINGHURST,AALL,25.0,0.0,0.0,0.5,0.0,0.5,8.0,2.0,0.5,0.5,1.0,0.5,0.0,0.0,0.0,0.0,0.0,0.0,0.0,0.0,0.0,0.0,0.0,0.0,0.0,0.0,0.0,0.0
195,0212900K,AimBig Employment LEICHHARDT,AALL,65.0,75.0,0.0,0.5,33.33333333333333,0.5,2.857142857142857,1.3333333333333333,2.0,0.5,0.5,0.5,33.0,0.0,0.0,75.0,0.0,0.0,0.3333333333333333,7.0,0.0,0.0,0.9032258064516129,4.0,0.0,0.5161290322580645,1.5,0.256
196,0212900K,AimBig Employment MARRICKVILLE,AALL,37.5,57.14285714285714,0.0,0.5,40.0,0.5,2.6666666666666665,1.4,1.5,0.5,1.25,0.5,40.0,0.0,0.0,57.0,0.0,0.0,0.3333333333333333,5.0,0.0,0.0,0.6451612903225806,2.0,0.0,0.25806451612903225,1.1400000000000001,0.32
197,0212900K,AimBig Employment SURRY HILLS,AALL,63.63636363636363,80.0,0.0,0.5,66.66666666666666,0.5,3.6666666666666665,5.0,0.5,0.5,0.6,0.5,67.0,0.0,0.0,80.0,0.0,0.0,0.3333333333333333,2.0,0.0,0.0,0.25806451612903225,7.0,0.0,0.9032258064516129,1.6,0.544
198,0212900K,AimBig Employment SYDNEY,AALL,85.71428571428571,80.0,0.0,0.5,0.0,0.5,3.5,2.5,0.5,0.5,0.3333333333333333,0.5,0.0,0.0,0.0,80.0,0.0,0.0,0.6666666666666666,4.0,0.0,0.0,0.5161290322580645,0.0,0.0,0.0,1.6,0.0
199,0212901A,AimBig Employment LIVERPOOL,AALL,88.88888888888889,50.0,0.0,0.5,0.0,0.5,4.5,2.0,3.0,0.5,0.6,0.5,0.0,0.0,0.0,50.0,0.0,0.0,0.3333333333333333,3.0,0.0,0.0,0.3870967741935484,0.0,0.0,0.0,1.0,0.0
200,0212902B,AimBig Employment CAMPBELLTOWN,AALL,60.0,55.55555555555556,0.0,0.5,40.0,0.5,3.0,3.0,0.5,0.5,0.8333333333333334,0.5,40.0,0.0,0.0,56.0,0.0,0.0,0.3333333333333333,2.0,0.0,0.0,0.25806451612903225,3.0,0.0,0.3870967741935484,1.12,0.32
201,0212902B,AimBig Employment INGLEBURN,AALL,66.66666666666666,75.0,0.0,0.5,0.0,0.5,2.0,4.0,1.0,0.5,0.5,0.5,0.0,0.0,0.0,75.0,0.0,0.0,0.6666666666666666,2.0,0.0,0.0,0.25806451612903225,0.0,0.0,0.0,1.5,0.0
202,0212903C,AimBig Employment PENRITH,AALL,68.75,42.857142857142854,0.0,0.5,0.0,0.5,2.6666666666666665,1.75,2.0,0.5,0.75,0.5,0.0,0.0,0.0,43.0,0.0,0.0,0.6666666666666666,3.0,0.0,0.0,0.3870967741935484,0.0,0.0,0.0,0.86,0.0
203,0212903C,Aimbig Employment RICHMOND,AALL,0.5,0.5,0.5,0.5,0.5,0.5,0.5,0.5,0.5,0.5,0.5,0.5,0.0,0.0,0.0,0.0,0.0,0.0,0.0,0.0,0.0,0.0,0.0,0.0,0.0,0.0,0.0,0.0
204,0212903C,Aimbig Employment WINDSOR,AALL,100.0,0.5,0.5,0.5,0.5,0.5,1.0,0.5,0.5,0.5,0.5,0.5,0.0,0.0,0.0,0.0,0.0,0.0,2.0,0.0,0.0,0.0,0.0,0.0,0.0,0.0,0.0,0.0
205,0212904D,AimBig Employment HURSTVILLE,AALL,68.42105263157895,70.0,0.0,0.5,0.0,0.5,4.75,3.3333333333333335,0.5,0.5,0.5,0.5,0.0,0.0,0.0,70.0,0.0,0.0,0.3333333333333333,3.0,0.0,0.0,0.3870967741935484,0.0,0.0,0.0,1.4000000000000001,0.0
206,0212904D,AimBig Employment MIRANDA,AALL,66.66666666666666,60.0,0.0,0.5,0.0,0.5,2.25,0.8333333333333334,0.5,0.5,0.3333333333333333,0.5,0.0,0.0,0.0,60.0,0.0,0.0,0.6666666666666666,9.0,0.0,0.0,1.161290322580645,0.0,0.0,0.0,1.2,0.0
207,0212904D,AimBig Employment ROCKDALE,AALL,57.14285714285714,0.5,0.5,0.5,0.5,0.5,3.5,0.5,0.5,0.5,0.5,0.5,0.0,0.0,0.0,0.0,0.0,0.0,0.3333333333333333,0.0,0.0,0.0,0.0,0.0,0.0,0.0,0.0,0.0
